clID,SK1_64,SK1_65,SK1_66,SK1_67,SK1_68,SK1_69,SK1_70,SK1_71,SK1_72,SK1_73,SK1_74,SK1_75,SK1_76,SK1_77,SK1_78,SK1_79,SK1_80,SK1_81,SK1_82,SK1_83,SK1_84,SK1_85,SK1_86,SK1_87,SK1_61,SK1_62,SK1_63,LA72_SK_10,SK1_51,SK1_52,SK1_53,SK1_54,SK1_55,SK1_56,SK1_57,SK1_58,SK1_58_2,SK1_59,SK1_59_2,SK1_60,SK1_60_2,SK1_45,SK1_46,SK1_47,SK1_48,SK1_49,SK1_50,SK1_25,SK1_26,SK1_27,SK1_28,SK1_29,SK1_30,SK1_31,SK1_32,SK1_33,SK1_34,SK1_35,SK1_36,SK1_37,SK1_38,SK1_39,SK1_40,SK1_41,SK1_42,SK1_43,SK1_44,SK1_88,SK1_89,SK1_90,SK1_91,SK1_92,SK1_93,LA67_1,LA67_2,LA67_3,LA67_4,LA67_5,LA67_6,LA67_7,LA67_8,LA67_9,LA67_10,LA67_11,LA67_12,LA67_13,LA67_14,LA67_15,LA67_16,LA67_17,LA67_18,LA67_19,SK1_1,SK1_2,SK1_3,SK1_4,SK1_5,SK1_6,SK1_7,SK1_9,SK1_10,SK1_12,SK1_13,SK1_14,SK1_15,SK1_16,SK1_17,SK1_18,SK1_19,SK1_20,SK1_21,SK1_22,SK1_23,SK1_24,SK1_111,SK111_2,SK1_112,SK112_2,SK113,SK1_114,SK114_2,SK115,SK116,SK1_94,SK94_2,SK1_95,SK95_2,SK96,SK97,SK98,SK1_99,SK99_2,SK100,SK101,SK102,SK1_103,SK103_2,SK1_104,SK104_2,SK105,SK106,SK1_107,SK107_2,SK108,SK109,SK110,LS01_01A,LS01_01B,LS01_02A,LS01_02B,LS01_03,LS01_04,LS01_05,LS01_06,LS01_07,LS01_35,LS01_36,LS01_37,LS01_38,LS01_39,LS01_40,LS01_41,LS01_42,LS01_43A,LS01_43B,LS01_44A,LS01_44B,LS01_27,LS01_28,LS01_29,LS01_30,LS01_31,LS01_33,LS01_34,LS01_17,LS01_18,LS01_19,LS01_20,LS01_21,LS01_22,LS01_24,LS01_25,LS01_26,LS01_08,LS01_09,LS01_10,LS01_11,LS01_12,LS01_13,LS01_14,LS01_15,LS01_16
GATC,124,26,0,563,306,72,284,45,15,14,13,108,16,1,2,71,6,24,41,132,10,2,19,15,18,9,26,3,48726,95338,115409,34710,149040,316754,134061,150156,211295,168422,173593,343290,244385,798079,610683,615047,455430,615849,283381,24235,53507,40076,50016,42460,23379,15947,49410,51587,20305,55427,43735,20172,36678,38217,58946,23504,33649,167088,92021,12846,9252,12777,10322,105924,87862,0,35,0,0,35,0,0,30,26,0,0,0,0,0,0,0,0,0,113,31627,44525,53843,10293,11671,25655,31453,8375,3571,28999,9340,11389,37317,32685,9268,24298,36187,28762,92709,24286,24242,28998,41978,30932,10934,10069,99700,19712,15187,88600,28828,7684,4685,3541,2453,13196,4298,14214,13850,19732,15309,9097,19510,6155,6995,12670,23096,37162,19031,18995,16300,54923,19993,37356,20020,38040,27976,51540,29539,28760,42344,39519,49318,2041,5047,4863,15216,5665,2884,10485,11162,2749,5716,5233,5909,4395,4600,4484,3949,5019,3038,23342,1,72,3251,1979,1381,2529,1694,2167,2238,202,362,68,250,192,158,212,40,2042
AAGG,47272,64684,34299,41411,40536,13632,25649,19424,26831,12019,18528,13308,24735,14086,18138,8359,13671,10522,8682,6046,3579,2125,2497,2606,33924,61328,47720,41300,33930,75644,82394,57935,108279,105078,115534,117559,217541,71307,114360,222289,220296,188975,167416,116994,104620,268398,50557,44531,4291,14646,13386,20529,8478,29662,6938,31258,63891,23323,53992,12430,2924,50714,16549,16872,10833,30141,14265,26716,20147,16408,16635,76291,60288,3,0,0,0,0,5,0,0,10,0,0,0,0,0,75,0,69,0,148,24873,20765,14542,60061,20637,46947,166839,3719,4269,55831,4374,15766,34451,43637,18203,14983,19136,10210,49957,13297,12145,19558,7460,4862,4541,5728,14685,7330,10691,73844,4862,3521,932,3762,1867,10546,3874,3686,7165,12433,12637,15071,3218,3574,2399,4035,3442,10349,11077,6979,7606,7008,6367,1116,4916,9267,16939,30969,10513,13923,16663,14463,28061,17519,7099,3537,4334,116,8466,318,2149,7144,15755,2528,2693,8171,31077,18986,13699,13316,12386,4470,4,34,686,175,966,977,440,658,1034,1024,180,522,1786,383,655,122,514,0
ACAC,92365,129871,67121,115395,99330,39260,95769,67957,101398,64350,100150,80451,169754,110761,141008,77170,125192,105251,109637,70598,48017,31592,38392,36710,48261,81329,61207,89563,8763,20038,33991,16732,39139,36891,31530,52514,79676,29367,27790,103129,86068,44625,23786,18190,16982,132248,5139,95889,2483,171,3104,126,1626,771,4819,31177,146652,10453,4044,14519,137,6756,911,728,155,236,18694,23372,17165,2329,1798,67,25,0,0,0,0,0,0,0,16,13,82,0,0,5,0,0,0,0,0,0,342,75960,51761,144548,51772,139635,268741,20761,18400,76865,7499,27056,72828,65393,16747,11455,0,8539,93616,29133,20665,6908,8951,7402,70811,62937,29,7817,6126,44,22510,19862,12501,107296,81585,25081,4272,1726,8881,11492,7588,65,5929,2888,4106,4,108,778,0,270,228,43,0,369,4774,9398,10156,18862,4772,9644,9350,7051,21264,30332,7706,3555,2338,1662,12976,963,318,18546,38932,165,201,39344,48099,31034,46011,38956,55739,222486,100,255,18189,5064,23022,26855,13375,1733,8237,4428,392,2378,6641,28,1142,625,1899,3
ACCT,8272,11476,5924,10692,9479,3315,9070,6038,9660,5817,8812,7686,16555,9865,13009,8065,12223,10540,12565,7563,5780,4382,5105,4995,4412,7910,6057,10430,3053,6042,9478,5141,12016,11178,9660,16582,27722,10800,8458,29368,23814,13377,6685,5281,5015,58940,1402,143770,186,49,24874,37,23935,106973,82576,94236,149622,372,583138,947079,2060,589646,586,58452,2628,424,84,75078,55270,199254,164161,1094,1134,0,0,0,0,39,0,3,59,13,0,3,0,0,0,72,0,0,0,0,33904,43,0,192788,24043,97014,229783,43240,38656,741982,4329,11259,235656,24072,166366,22208,0,26031,140182,157453,159953,282327,170,197,5856,5167,312,7320,4538,12818,998,12309,8184,15874,12399,6834,209,113,32763,41109,1503,67852,787,29940,34764,42,263,151,12,35,141,167,68,0,1237,2476,3357,6235,1703,3513,3122,2426,5805,89469,52141,5716,2741,65182,33949,49855,17651,24428,52312,6137,6678,99463,8206,10270,45454,173687,30295,47954,56,65,11630,2318,9104,13138,9036,278,3626,2500,630,1596,3733,5126,713,538,1143,3
ACGA,75438,106555,56113,69299,68450,22519,45491,33693,48871,22492,37679,28280,53021,31777,40793,19372,31143,24923,21015,13077,8993,4930,6496,6323,53823,94683,72340,67717,37202,60395,101379,61985,108875,88912,98653,127753,163171,108488,110289,333321,247039,92320,49135,40422,37025,152594,11598,68233,501,3014,48775,13525,184,41953,21621,7141,171012,21051,72561,89353,11258,67247,1465,15765,5334,27,5348,33650,23285,23142,18637,30203,24760,1,0,0,0,0,3,0,0,0,7,13,0,0,0,0,0,15,0,0,20383,2198,12769,93249,33649,30494,223177,10004,3496,50034,3789,27318,19497,23485,13894,13619,9535,20625,138299,25607,13081,37040,38,85,9865,8433,124,91,121,198087,132,4610,2826,17822,13957,148,74,0,112637,155250,516,4725,6185,2790,2190,63,72,23,85,238,0,101,90,296,8821,16847,29424,51698,15116,21682,24947,23340,47036,60778,6839,11229,31613,18685,28273,982,1588,30875,67549,7802,9142,23530,34651,23739,45997,30343,21589,233,10,62,3338,511,5536,4228,1033,2143,1585,3556,340,2807,4475,1417,1963,936,1855,0
ACTG,35671,52359,27196,22597,21763,8373,11746,8857,12908,4702,7652,5979,8310,5356,6481,2924,4314,3995,2896,1871,1279,705,652,764,24333,38763,27916,41527,15123,26964,43700,21566,45582,47171,37591,62001,90776,32445,35550,106863,86812,40101,20299,21143,26083,50143,4540,140351,1030,421,6726,116,97,86063,7847,20518,92440,29399,57437,42072,148,3337,1202,10509,643,384,3139,58089,39599,1123,969,314,255,3,7,0,0,40,0,0,17,0,33,0,0,523,0,184,0,1,0,0,91275,843,26683,142767,9385,224038,317909,10673,4445,87278,1537,7837,30313,344996,38348,59406,4398,33796,87161,55526,15264,58242,5,16,5103,4937,12,0,37,27,51,459,200,9512,7196,40,59,526,111,124,0,14,23,996,753,0,49,0,0,0,27,0,0,0,4019,8280,10672,20165,5368,9928,9069,7308,18554,36829,8644,20000,8078,6159,12771,10,90,20757,44530,3890,4366,63256,30833,24868,88368,25925,54460,4733,5,81,1033,21,802,310,401,166,3544,1346,187,335,1630,47,172,92,378,0
AGAG,14581,19500,10238,15576,14007,4804,12231,8343,11984,7282,12521,9216,18875,11901,15108,8656,14493,11854,12930,9133,6051,3955,5643,5125,10086,18187,13793,15674,6132,20979,17494,10151,19957,22831,18334,123003,189763,14819,17167,45785,37716,36649,11547,16315,13450,254413,5086,393721,602290,121743,100141,68230,6819,71608,17487,15434,374336,24470,592714,120627,340,109520,2203,30635,596,1022,856,113348,83303,35835,29280,175332,142090,0,34,0,0,0,0,0,15,0,0,0,10,0,0,151,0,0,0,0,30523,487,104916,273382,56299,241676,441206,12435,13799,19163,501,56548,245029,157193,143439,393522,0,116701,195448,209804,48812,9095,218322,167474,16069,14688,151,40240,31975,67477,221,9856,5594,34850,26122,507,76566,865,8995,11783,34427,58,44035,6624,5179,1273,1832,447,3479,3296,2629,107,0,118,2152,3764,6535,11075,3529,5170,5730,4366,10014,67529,43005,17477,24760,185688,42472,14638,45407,26018,55333,15390,18302,66861,41523,81720,95016,41002,53748,69492,103,315,19856,365,19195,13103,9004,1216,20018,7379,827,2975,7674,2162,2679,795,2043,13
AGCA,20877,29904,14332,30321,22407,9986,32991,17648,28146,28917,36143,29749,109886,59412,73451,76113,98468,74550,168296,75110,57622,80416,71591,66307,43588,85105,69391,14866,479,1610,2950,1791,4255,2220,2582,4917,7852,1627,2257,3551,5022,1938,1200,404,701,606,102,0,0,0,0,0,0,0,0,0,0,0,0,0,0,0,0,20,0,0,0,1,2,0,1,0,1,0,0,0,0,0,0,0,0,35,0,0,0,1,0,1164,0,0,0,0,0,0,0,0,0,0,0,0,0,0,0,0,0,0,1,0,0,0,0,0,0,0,0,0,274,162,0,0,255,0,9,0,0,55,51,0,18,0,0,0,0,1,0,0,0,0,0,0,0,0,0,3,0,0,118,167,266,598,50,142,250,247,512,0,0,0,0,0,0,0,0,0,0,0,0,0,0,0,0,0,0,0,19,103,1391,12,10,2438,0,56,10,12,0,0,0,0,0,0,0,0
AGGT,26192,37475,19282,38420,35041,11744,45516,31298,39072,42418,62141,40954,147258,76733,90727,101027,137234,95020,211965,116931,71188,103935,121835,86561,8805,15190,11872,39608,6147,10827,16702,9913,21351,21396,14696,27578,44769,12267,12142,51457,34160,22314,11788,9018,13359,48740,1672,85943,615,310,14146,1251,134,17199,1051,18749,233044,3399,23730,4670,30,13446,8882,113,119,173,47,39313,27731,3814,3484,2835,2641,0,19,0,0,0,0,0,28,12,70,0,0,2,0,0,0,0,0,0,0,12695,0,111872,1,48,83109,8254,11407,179284,0,10152,97408,241645,3963,33610,0,9552,862,0,54636,27764,3790,3215,19183,16915,60474,1,313,18,17,682,414,21396,16378,1015,13508,26,2138,3244,120,2,12,362,309,717,1611,198496,0,259,202,0,0,0,5160,10514,12682,23148,5964,11315,11998,9449,26955,124749,195320,45897,85232,60987,117430,29137,29110,123884,264688,48202,57104,217684,26533,218296,135673,112083,138318,2996,195,552,34167,2718,33437,33843,43108,2383,111944,19836,3058,14508,27803,2283,11680,3419,7511,8
AGTC,18991,26421,14217,25100,21197,7516,23511,15760,21533,15817,23694,17799,48692,28031,33766,26320,37300,30747,38934,23011,15225,15114,22135,20103,9855,17913,13551,31537,4889,10865,15607,8040,15590,22450,11530,24299,31772,8252,12338,32150,29207,36051,9359,16594,5856,478613,5120,285911,55137,1176,176377,172,128132,103750,375023,85184,179130,319073,97603,292109,397,224437,2739,8865,4065,733,617,95921,68862,74746,61241,541,605,0,26,0,0,0,0,3,29074,63,212,44,2,88,13,150,0,53,0,71,14708,0,0,86261,837,60401,541903,22634,24453,5494,1283,103772,0,33492,4502,11981,23,920,159056,25807,51546,35010,50987,40747,24650,22097,166,3600,3064,157,456,8278,5584,39501,30472,641,9129,7298,792,1396,1874,137,18216,5608,5024,422,621,5499,39,8611,7840,61,60,143,2404,4712,5290,10012,3142,4777,5646,3789,11195,185217,132452,93615,62738,23855,105811,38352,30,132316,283006,7485,8946,87907,116322,70913,230258,82537,125023,8100,330,19332,87154,8176,106779,52060,16839,107662,31238,62126,6417,44122,114182,56127,65626,24911,28525,29
ATCG,92827,150625,72030,153169,137262,61121,125800,75787,120593,93467,136315,103233,323647,175445,245057,182442,264194,194628,264960,140169,124875,71988,82642,83075,31523,52621,37408,118129,10770,23125,44053,24120,59027,29462,36415,59502,77634,27618,30957,133628,91231,60840,30028,23203,26661,7060,2506,12,0,0,0,0,542,28,22,0,17123,0,172,9,19,0,0,10,0,0,0,0,1,0,2,0,18,0,0,0,0,0,0,0,0,0,10,15,0,1,0,84,0,0,0,0,0,0,0,2406,0,226,122,473,49179,0,3,107,0,0,0,0,0,2398,256,2,962,11,5542,4010,126791,118313,5,217784,166994,20,13,168634,106565,718470,547320,90849,108019,85,142447,201711,19151,0,1398,99,104,79,277,1102,6,4469,4038,73,6,7,3160,6713,11131,20875,3290,7117,13133,5704,18314,4851,40,0,47666,5,58,0,0,250,551,0,0,738,56661,39,84,30,21,3,619,2485,134962,6310,162232,47521,36743,12522,109652,8527,2400,4199,39042,5142,11341,165,3281,2
ATGC,44663,63677,33161,29839,26523,9977,15810,11002,15027,6658,10750,7667,12163,7708,8200,3918,6440,4342,3709,2716,1433,825,1104,896,38182,63953,45945,50688,20272,34537,62145,30888,60920,61908,50998,71389,98332,49239,46078,156337,125637,59936,27078,29681,27941,112000,7164,62758,67,4741,5826,3840,13844,18664,21524,36170,55700,13610,14311,24342,150,40277,20535,9826,156,174,3522,17310,12657,13615,10590,9495,7916,0,0,0,0,0,0,0,0,0,344,0,4,0,0,156,0,0,0,0,8565,2049,1730,50867,13423,21326,104223,2427,4230,27001,2461,22807,110205,42231,13985,18990,2477,5587,119442,33244,15718,23836,341,130,647,644,36,24755,19220,0,25,21,22,2002,1339,0,0,0,66,40,0,0,4,627,611,0,0,0,0,0,0,0,0,0,3966,8853,11445,20254,5406,10059,9768,7779,21211,8456,517,1783,8812,1108,3599,4124,1618,3011,6538,3890,4494,7989,9766,9551,17271,10973,6901,11243,1,6,156,6,160,32,74,8,224,180,0,221,289,20,45,26,78,0
CAAC,8511,12477,6522,7096,7011,2625,4322,3209,4029,1685,2817,1884,3330,2017,1887,1026,1471,1011,1054,568,361,206,242,265,4598,8336,5901,10019,2649,4723,6985,4505,8626,10123,7558,10941,12509,5511,6734,22228,14201,9044,4224,4869,5762,21101,963,12317,264,18429,3611,35386,102,13099,112,159062,141891,4111,378700,7162,140,66641,169,5806,94,107,1288,12956,7491,23288,18312,86607,71239,0,0,2,15,0,0,0,29,28,18,0,0,0,0,133,0,0,0,0,7655,0,1,38187,30188,10250,223143,0,10129,92917,0,8633,71115,103898,61164,0,0,39776,473605,1694,20001,12731,79489,64458,814,713,35,0,54,1996,54,22436,14147,1698,1324,3,12,196,677,883,346,7,474,4827,5638,42,50,0,58,47,0,50,8,0,1083,2352,2194,4406,1313,2385,2061,1669,5228,29123,6136,3153,369,15529,18672,0,0,32461,68160,11029,13574,51430,15950,11760,18182,36907,8823,2203,7,31,2116,4,100,410,106,61,103,4770,399,1236,8815,2040,1922,1765,2464,6
CACT,52383,83051,39040,78444,69072,29850,63105,36815,56102,44615,63023,46533,147563,78813,103284,81568,113399,80378,113843,58124,51957,30987,33666,33493,34078,55546,40816,58460,13312,22650,39731,23989,56164,30778,39098,54046,74114,40028,38777,130645,106927,65887,39402,33518,34795,12377,4034,217,18,13,38,38,141,0,0,13,32346,62,31,37,46,273,65,72,48,0,0,57,1,53,69,36,97,0,0,0,0,61,4,0,3,2,0,0,0,0,5,0,3,0,0,0,41,0,993,687,0,29953,1319,225348,0,22,0,77,0,247,98,187,81,25385,667646,105,359,41,580043,450481,171246,146288,5465,29625,25246,11,15,51961,32459,536954,407741,68385,478069,66,208148,282541,23414,19,360,49935,69041,148,423,482,0,45639,43191,22,10,8,1720,3700,6319,11316,2147,4003,7426,3226,8996,52,6,4,1962,0,32,2,14,1440,2721,2,0,835,2539,179,0,326,3,9,163,1426,129228,2800,127846,24126,68610,2154,91924,12524,1724,3611,38711,14758,8422,6981,3044,2
CAGA,89288,126175,67856,88191,72247,30225,67765,46054,71230,33785,52804,41567,80926,48734,62490,31226,48978,39729,40765,24847,18557,10650,13854,13311,51385,90039,65506,149299,14246,37588,58838,31250,72735,70823,47101,153671,227924,41643,41326,147464,120903,69306,39991,28397,24430,296914,6417,1244,1061,455,6797,382,673,578,232,1817,222,196,401,27640,534,419,3155,802,646,1063,909,22,57,0,31,531,257,0,12,0,0,0,0,6,21,0,0,0,14,270,0,127,0,141,719,0,67154,80006,315664,795969,104137,212664,1467607,75150,40585,221431,110158,70224,516652,250867,329490,313244,25629,61553,2156050,35434,90872,493676,0,3,9,0,26,0,124,20,74,0,4,163,52,5,0,10,1,0,0,14,11,749,597,0,551,0,0,0,0,31,11,0,13437,27583,20902,34989,13735,23058,18810,15160,59039,255,4,12,72,0,6,6,10,0,15,2,1,656350,491739,139423,434970,478154,253107,144365,0,0,2,0,0,1,0,18,26,0,132,0,0,0,6,395,0,0
CATG,68653,95635,52094,76628,65672,24247,60422,39839,59147,39037,58493,43062,105940,61545,76818,52323,81639,62693,95078,52839,38721,34278,34678,33649,37326,65263,50044,72821,27338,66526,78727,44563,97051,146392,77681,110173,153772,79215,80449,225115,180733,283541,195597,204383,142761,241618,81946,71672,21669,14212,14523,31554,6723,25705,28030,12969,207931,16533,72152,9216,10930,95973,12703,9414,13284,34548,27655,23266,17070,30501,25263,80684,63352,0,22,0,0,0,0,2,33,24,4,0,0,7,15,152,58,69,0,0,232146,18291,171677,162810,37510,85697,654319,16994,8077,62873,4588,6892,26173,135670,40379,74079,42283,219510,261359,29312,336724,106675,65820,49709,210425,185708,30567,33418,29962,22036,5835,47846,30790,240881,184781,15134,54408,15629,90538,121760,3539,2287,6340,29795,40594,5490,11856,9948,5024,25847,22706,16173,4653,8995,5560,11000,18891,33912,6586,14272,16564,11726,27591,57977,11544,5872,26298,12829,18051,2473,6129,31564,66251,11602,13736,73459,21622,103535,74982,96268,86018,90,888,3472,230682,11378,208741,141790,163391,21031,293965,39466,4587,26762,78950,391,17027,5070,10061,0
CCAA,27329,41159,20750,16273,15095,5823,7382,5655,8282,2449,4803,3240,3679,2151,2754,1135,1735,1279,813,526,402,183,179,142,33014,56076,41333,35629,8370,15674,27188,14615,26668,25141,16825,29556,41468,19843,21574,62036,52052,27799,15108,12473,11697,51387,1588,13412,67,21,338,25,54,286,62,274,20490,21,17390,6513,89,5427,120,81,31,36,16,5742,4263,1743,1590,0,0,0,0,0,0,10,0,1,0,0,0,0,0,0,0,0,0,0,0,0,27526,37,304,15648,559,22038,47253,132,539,293,973,11646,233,5353,3187,717,493,4728,1608,164,9,2978,4,39,5138,4632,2,0,33,9,0,9,15,396,389,2,19,0,450,334,0,4,0,84,102,0,0,0,0,180,422,0,0,15,1833,3478,4380,8022,1856,3569,3700,2717,7557,2252,7,55,0,785,1323,0,0,1230,2607,0,2,7094,3042,3274,6370,8453,4813,0,10,5,673,33,419,879,298,0,3061,156,0,51,71,0,0,81,6,0
CCTT,89025,122594,65438,110739,97875,34943,102946,70794,103067,61225,91680,70207,173466,93155,123674,89234,117414,101090,145124,76174,53273,49349,48680,48307,48877,82414,59848,93618,29040,63483,70586,49801,96117,89540,80551,208108,323522,72653,81758,245976,178916,113322,55361,56720,44502,529300,14478,648391,10263,6327,212348,59347,17936,269292,174431,92294,751550,134175,568784,164078,38455,195985,146633,189515,12014,11367,16894,262500,186320,66901,54947,142121,111798,0,26,78,8,73,0,0,55,11,193,77,8,0,0,0,0,0,0,0,110937,114384,114460,736774,165092,389872,1031442,75701,31724,247060,15557,109176,151769,262773,155835,407962,19723,78166,1277731,347738,65697,312448,24696,20400,35507,31668,771,16785,14197,59346,463,29019,17670,94011,72088,11328,15754,24484,30193,40529,16771,5577,80225,13094,13036,819,1934,5584,14,4634,3789,81,13,24,15774,32880,42911,73684,20736,34902,31270,30928,79427,370558,311833,135453,187622,281508,304386,76514,60477,269371,579364,82247,94920,256081,222368,264722,376832,282738,323455,205826,525,1550,131270,13842,101939,92268,109251,10753,168708,17125,3080,14611,29620,12836,14049,5348,8458,4
CGAT,58669,84237,43564,43279,42394,16155,22914,16532,22864,10148,15777,11744,20635,12162,16305,7039,11470,8631,7198,4433,3516,1704,1784,1854,39539,66931,47585,52209,17563,38286,55638,31945,68120,57756,57846,107954,148936,50987,47590,161530,114818,83738,35188,35932,32506,502038,11004,9238,479,906,4012,494,1606,13130,547,2159,176021,11057,31663,49055,694,1238,9291,3330,563,1195,758,4070,3436,205,168,148,279,0,48,0,0,0,0,0,19,14,42,3,0,0,0,0,39,117,0,0,133934,68033,146355,314026,176735,139915,469126,37063,33355,107190,13541,108799,362699,78312,113652,131048,9743,74785,700691,228478,143995,95134,1007,835,52655,45405,67,45,86,14,83,2640,1768,46802,36193,160,9093,1,3351,3741,143,5,35,925,811,47,208,15,0,186,253,0,0,4,3253,6494,11350,19617,4422,7546,9839,6867,16092,15062,1106,2390,2305,10131,10577,0,0,5192,11031,0,0,17822,31736,39115,26212,17520,36245,19214,42,103,7215,274,12260,2655,2209,94,4665,7708,2090,3137,13119,3004,3740,690,1461,0
CGTA,39881,58885,30015,39383,37619,12978,25088,19782,25245,12991,23388,14452,27588,17356,19571,10691,17201,12665,12261,7963,4279,3404,4306,3384,25415,43941,32547,39405,15260,25399,42793,23252,41790,38613,31087,55466,77248,36869,35235,109412,87195,45083,22447,16424,17860,66382,5156,63972,9338,36412,12472,70836,3265,106655,29852,31996,71502,68703,53562,15183,31208,29048,27370,14156,91,172,7504,18060,13058,8776,7014,163507,136628,0,4,0,8,0,0,2,4,0,4,0,0,0,15,167,61,0,0,0,5955,21739,8633,68918,128933,20690,210872,9516,4700,13801,2013,10370,46657,24544,15975,30286,1064,6358,205406,18200,22311,36323,1210,1074,2473,2203,41,2030,1962,13,90,2876,1915,3866,3011,82165,14865,160,4527,5341,284,37,5311,7083,7492,0,60,604,13558,17,0,95,64,13836,5850,12576,16661,29575,9308,14788,14800,13885,28259,41429,31656,15815,13458,31501,31562,9925,7490,20487,43218,20894,25016,23175,17627,36064,53213,42880,38636,2108,37,646,6423,9026,8227,7739,6623,8058,3895,2567,240,1448,2588,46,1132,957,696,0
CTGT,24214,36962,19301,26442,23191,8715,18905,12872,18600,9522,13942,11725,21473,12530,16557,9250,14154,12037,11485,7561,5058,3571,5041,4695,15130,26023,18765,43814,13048,25815,34808,21323,41303,39855,34444,56985,86632,37336,35484,120794,101480,55405,20826,23431,17028,310342,4745,859422,29846,1839,85423,5772,14477,70672,205097,308996,224693,50393,305831,67050,7505,253359,17874,14469,56242,4830,24002,294969,211788,84035,68554,13182,11715,1,8,1,0,0,0,1,19,0,27,0,0,0,0,0,47,68,0,0,8300,16729,16,217451,46786,23245,119816,57,16035,2006,3492,69228,366,20965,88971,49302,819,25028,4948,4211,11430,64539,21047,15248,21214,20051,203,924,844,7709,8469,24282,14895,47892,36936,10662,6489,4689,11002,14862,1474,175,10042,5838,6939,445,783,235,30,2379,2367,132,0,3195,4070,7847,12964,21938,5256,9904,11337,9048,21868,88593,322178,163731,49364,109011,108770,9394,10303,38993,80830,77708,93111,26543,7005,10192,35098,2471,146068,14,62,125,21401,1034,11314,38101,3164,2220,2278,4036,819,1844,2134,1482,753,512,957,0
CTTC,14139,20173,11199,17957,15564,5789,17828,12273,16774,12701,18584,12750,39455,22205,25865,21410,31103,21650,34340,19393,11060,13715,18657,14041,8872,15130,11255,23521,3032,6856,9827,5108,11972,9361,8398,36769,57046,6141,6734,25641,15980,14687,5447,7155,2696,108231,1364,382747,162,94,18962,59,152,20808,6610,7443,347234,5851,135787,59698,168,21737,25395,22401,35911,181390,395318,97110,67987,7398,6162,141,144,0,0,0,68,42,0,0,13283,14,138,0,0,3,0,0,34,668,180,1167,13260,2,105715,219138,423947,2064,236497,431,17275,12309,147,23744,0,0,6,83574,69,0,353194,0,1,133461,2033,1642,71354,52385,30,41035,30744,70,26664,6458,4695,83500,65041,26646,40212,443,61754,86284,69,251473,168201,2030,1756,1048,2989,48166,169,19022,17886,62,72524,100643,1767,3304,3901,7119,1991,3134,3410,2209,7822,150241,84298,48172,27384,41627,38062,39682,324,103333,222779,29535,34845,16464,24014,16329,110758,29970,59742,24,166,812,73660,9589,227511,43177,53015,3681,36271,43155,16916,31437,102407,39185,56132,21452,25943,44
GAAG,6113,8665,4759,7430,6732,2717,6874,5053,7219,5006,8506,6180,12669,7835,10426,6689,9645,8992,10011,6135,5126,3610,4317,5347,2247,3923,3102,7937,960,2173,3350,1944,5209,2976,2004,4651,5462,3210,2891,8681,7727,2631,1770,1358,558,680,373,23185,0,0,6,0,38,12930,17,20,11234,0,2176,6766,0,6730,13,25,8,209,774,8980,5826,2258,1756,1454,1270,0,0,0,0,0,0,0,0,0,0,0,0,0,0,0,664,0,0,0,0,906,5721,10195,3250,20971,24500,111,315,4511,3,2,6458,19,1,0,5,8,5141,6,35,7303,252,173,3001,3231,281,52,17,2355,1218,27,7,1618,985,1963,3079,50,175,143,12,179,448,17311,26762,0,74,89,130,1,24,107,25,38,682,1870,1980,3109,826,1366,1715,1316,3214,19879,3624,17998,225,6972,4652,0,0,4468,8852,7111,8270,11075,250,1030,14881,17322,6417,4,2,4,8571,1,393,800,164,0,159,3079,75,820,5176,72,1074,330,796,0
GCAT,81162,114881,61031,80510,69101,28277,62109,42916,65853,29949,47039,36504,69342,43147,55458,27316,43951,34359,35429,22282,16503,8876,11539,10950,44179,79570,60357,134405,13486,31285,51542,27045,57928,63239,39047,94296,135910,29782,32576,138073,107201,87297,37341,35329,31062,459746,6882,1214,1547,598,2916,613,855,484,217,2179,123,687,321,37956,506,764,2981,421,480,1097,880,64,44,0,33,381,453,0,36,1,6,12,0,0,44,14,0,0,0,2,0,0,0,392,0,0,58621,22419,216628,571411,110860,345502,1150413,6224,23782,180855,30954,97304,196658,505896,17946,110335,50018,43514,678629,195621,66310,156898,0,15,3,0,58,10,110,7,90,1,0,0,0,0,0,7,0,0,0,16,14,747,604,0,293,0,10,0,0,12,0,0,12132,25232,19272,32439,13038,23107,19678,14322,54849,45,1,3,18,0,4,2,0,0,17,0,0,531946,364798,251556,411566,275635,246913,83343,0,0,0,0,0,5,0,20,4,0,182,0,0,0,0,203,1,0
GCTA,31215,43865,24676,26867,28453,9892,15149,12669,16111,5902,11167,7163,10320,6727,8056,3776,6224,4372,3647,2342,1402,939,879,821,33284,62910,49900,24415,8045,14981,24999,14333,28224,19706,20542,27552,40755,18184,22471,71706,54021,18826,11395,8266,9944,9218,1555,8268,107,5601,225,883,23,537,0,2405,10234,6610,0,233,0,25987,896,50,0,13,1014,3611,2337,10041,8254,1651,1278,0,8,0,0,0,0,3,3,0,0,3,0,1,0,0,0,0,0,0,4624,0,2,17983,846,5199,27667,165,6,3113,266,514,0,46982,0,0,0,0,34476,1174,1067,3273,1359,967,2036,1622,0,7220,5037,0,0,10519,5730,9257,6864,5716,20204,622,13626,18626,2380,0,495,229,316,8,39,2765,0,2466,2689,0,0,3,1529,3378,5791,11021,2336,3866,3749,3712,8138,2185,669,2749,9732,713,1246,188,847,2443,5537,4503,4867,5775,2923,12677,24477,5138,11273,0,27,147,43796,1357,13830,10549,22379,16932,20299,1768,197,854,9920,893,2650,667,1055,2
GGAA,64689,88844,48505,76288,66249,25368,64165,44372,63355,39234,59535,44780,103923,63238,76873,47451,73931,56669,74318,47119,29544,23754,29398,24599,40225,68670,49921,98642,13954,34555,57626,28570,57573,61314,43219,99310,139028,39139,37764,153309,112528,60932,28241,31141,20692,355371,5635,18223,8219,12440,5149,7547,5415,33877,1431,9477,203385,50868,36563,32219,915,18224,3624,275,4905,5529,532,5708,4478,5655,4693,19055,15049,0,1,0,8,70,0,0,6,0,0,0,0,0,0,77,0,0,62,3,79621,7957,65809,187869,49115,54446,576502,18378,11951,94288,461,81305,44139,74418,25664,107236,0,107873,135367,19364,201823,96816,49505,38019,47707,41438,309,32300,24417,298,1602,139719,89831,109819,84170,50657,45700,63834,27129,36527,32821,6894,115739,20379,32451,199,520,1940,75,2921,2522,453,103,289,8494,17057,16432,29073,10727,18260,17733,13825,41168,180303,14767,35819,850,7208,37097,34,9682,51009,108869,7483,8672,102238,88951,63241,60825,57364,34855,9556,133,448,37227,16252,46965,29302,14940,8608,14529,5353,1171,5800,16008,3374,7143,3336,4528,4
GGTT,38667,55030,29531,41234,38908,13612,26476,20621,24314,13115,21082,13101,28746,16042,18131,11884,15858,11292,13404,7403,4642,3085,3621,2892,34664,62167,46740,46512,11034,21064,37259,20965,46141,33751,28026,44882,63507,22204,24490,90414,79462,26724,14812,18581,11707,93987,3350,20140,217,11449,16772,49,132,61361,493,8527,144112,150,89393,8303,91,36141,465,34036,159,391,499,9416,6937,12236,10168,78,123,0,0,0,0,0,3,0,0,13,19,0,0,0,0,0,0,0,0,0,69395,0,2127,119609,28912,72694,164884,1213,8577,17202,8126,19254,23595,37078,3521,2581,7216,16343,46715,11300,73423,43361,751,582,3429,2881,340,9266,7687,142,23,1396,810,12339,9449,2988,604,0,116,335,0,1247,53027,1121,1329,30,247,46,153,0,0,67,0,0,5612,10482,12380,21828,7349,11587,10561,9961,25533,66140,88075,120903,324,46248,34981,4812,229,60107,130548,14907,17571,24413,64186,59244,62434,60361,56945,3579,7,14,3325,397,2461,476,993,225,1051,1165,175,1129,4175,1421,676,491,903,0
GTAC,41077,60452,30263,35111,31578,12813,22645,15298,23652,9205,14757,10695,18272,10708,13139,5925,9694,7081,5521,3209,2421,1102,1529,1543,33312,52782,40095,51135,6453,11514,18016,12667,24495,20563,16683,28414,39989,12584,15100,49094,38260,37053,16731,9604,11557,112792,2368,34308,277,409,90,45636,1674,10876,13175,1326,129863,47688,4711,13444,94,10,568,4,91,283,237,10444,7697,3,0,115608,90904,0,0,0,0,0,0,0,45,0,0,0,5,0,0,0,0,0,0,0,23209,6618,637,22673,6836,3476,123358,913,102,85624,0,25417,1721,147940,23593,11,8,213,60307,16245,1349,0,349,319,8664,8445,675,4243,3344,533,2575,862,565,14237,11054,297,19254,419,1296,1588,42462,108466,409,12893,18243,71,83,80,48,128,116,201,78,52,1730,3897,4275,7846,1322,3461,3903,2144,8432,31626,657,17,328,385,19811,0,0,14839,30918,307,353,36323,44912,33109,13343,8689,9288,0,10,49,1195,46,1388,500,263,138,362,8879,706,3442,21681,3903,6653,1037,2761,2
GTGA,59705,85024,44153,38989,35912,12680,17877,13482,17601,5615,8741,6866,7274,4734,5821,2270,3209,2724,2036,1319,871,475,450,503,43703,74909,56468,89157,34293,58499,90526,49655,98066,104216,77512,144405,209767,71951,70607,241196,184286,106559,56819,43462,47915,291050,12882,375512,39355,13465,23496,19941,5805,97450,37076,91658,445359,47408,182757,135701,119280,100125,105781,67394,20980,10051,116145,152730,108671,33821,27558,46555,38468,0,14,0,0,2,0,0,58,0,100,0,0,2,0,109,16,623,119,0,25541,18198,11195,252758,33984,75056,765228,28208,5787,182855,13897,61065,123118,275505,82134,143372,30262,42326,309250,61372,59015,65234,1439,1140,45449,41496,5737,87,235,5232,11649,3631,2179,23710,18322,22497,13781,2066,21540,30145,17,131,5017,11695,14845,22,152,17557,70,2881,2626,382,15,93,9727,20440,25567,42926,12647,23591,23141,18288,47263,82560,21657,31140,4202,32562,28121,15425,2247,38514,83526,6162,7097,34995,31277,33957,35141,44918,80867,2791,19,65,7062,1071,4323,2743,5003,1452,5242,6044,1050,9630,13833,3229,6872,2723,6354,4
GTTG,101100,147738,73423,145622,128564,49287,125925,91035,118641,69196,105064,74775,185973,110677,126220,81335,127361,90759,112503,65207,40522,34304,38446,33945,43071,72866,54019,174875,34808,80372,123477,58057,158398,193480,113612,135592,187067,122066,122855,349350,253932,432473,296791,316708,216103,403118,147321,105027,36485,25741,16122,67376,11566,10841,16945,43043,135542,172812,239405,32044,23521,24925,20382,15567,45408,53515,190630,63009,46046,7940,6579,172933,148077,0,55,23,76,146,15,10,71,139,18,18,3,32,61,590,55,275,440,560,59269,22339,16095,200227,47861,75900,347276,187949,3281,244727,3247,5178,212739,79932,63192,17242,9438,208151,1338908,86949,476352,9362,1830334,1390879,957984,838330,687874,2765222,2120388,2214417,58413,1431164,907289,1075678,807261,1709931,1196282,1470656,1030089,1400084,1719449,1759112,2951339,982236,1405308,219613,390997,367516,859419,322814,301939,1077873,1338867,766486,10879,21138,39760,68116,17890,32566,31753,22264,74616,406135,127235,9846,35663,88646,142940,150761,138502,179672,383124,173795,204793,516214,200293,218537,337503,383519,211016,3805,3272,13907,810508,568685,541500,1111878,524033,162268,292976,1468438,126465,1227318,2910759,1478757,1501265,477629,827554,1941
TCCA,6670,10209,4926,5339,4956,1898,3694,2666,4091,2058,3430,2742,5002,3608,4452,2262,3668,3198,3481,1995,1636,1227,1170,1207,4209,6748,5156,9319,3263,7389,7651,4470,8277,10480,6516,10739,15388,5678,6396,15502,13207,10732,5396,3528,3695,45301,1156,3111,59,313,312,69,91,2333,0,2833,19464,0,6560,3241,84,271,7053,46,29,217,87,1642,1280,49,31,73,23,0,0,0,0,0,0,0,1,0,0,0,0,0,0,0,0,0,0,0,1,26281,112,36479,12985,14307,154712,227,43,7114,3529,7838,24543,0,0,619,0,8195,1936,0,0,13,1269,1016,6814,6428,0,0,14,0,4,804,618,5898,4790,2660,286,0,608,803,0,1,0,133,210,13,71,0,4692,2355,1529,0,0,2,713,1674,2357,4244,623,1767,1980,1040,3465,4182,80,325,588,542,852,0,195,1491,3481,329,371,8369,2537,89,1242,3726,5448,0,27,37,14408,1483,10584,8149,13560,670,21070,1656,180,1392,3657,19,1021,247,438,0
TGAC,9858,13445,6965,7291,6100,2213,3642,2543,3592,1361,2109,1575,2738,1206,1910,852,1147,950,872,516,356,199,244,192,9089,12948,9480,13335,4609,7759,15342,8319,17622,20262,12786,22113,32254,12565,13531,36380,30265,17096,9216,9778,10978,39686,2306,44415,257013,189,38419,57,144,422,62,22480,57600,386542,94797,6991,986,197020,593,11952,131,147,10346,13051,9731,62994,52688,2636,67,0,14,0,0,0,0,0,14,0,0,0,0,0,0,0,0,0,0,0,36868,12,16046,190763,75765,103965,233977,36431,5965,12101,3749,6601,0,135439,36827,19311,5817,23933,164951,6028,31375,95388,46,56,169,186,44,19,132,28,14,91679,57863,350,277,6704,21,4077,1480,2381,24,10,10767,268,167,40,182,34,483,42,63,55,0,91,1433,3003,3546,5991,1425,2910,3937,2594,7261,7574,361,628,22124,4723,5665,0,2224,1497,3194,6625,7815,22048,6455,14337,24224,15963,79659,4451,2,17,3611,52,1367,275,338,26,298,157,297,116,214,90,43,276,181,0
TTCC,68741,96332,50983,69084,63579,23844,52989,39795,55615,28860,44748,34194,69919,42021,53237,27049,43090,33528,31169,19800,13291,8527,10820,9716,48494,85572,65549,87637,11777,23500,44418,20441,58491,43540,37106,55693,73068,34412,40918,119694,95004,79094,40294,37049,26929,199538,15782,71333,3206,14206,1605,48198,18524,28914,3783,20906,192638,97414,25795,40450,9364,60987,10399,18912,2797,3563,43922,34110,24984,20217,17030,112704,96764,0,5,0,52,81,0,0,53,0,63,0,10,3,5,198,0,148,0,0,11564,3001,11504,153268,21720,57967,365552,4881,9821,101045,294,38910,8256,45487,23015,2687,2884,8009,145096,26580,37506,62695,2402,1713,6927,6023,3831,9999,8580,44075,1431,28127,18460,10604,7534,8458,3838,9648,3066,4794,3031,7330,34348,5679,5560,614,866,1091,988,456,405,8612,3978,20565,6088,12049,13896,26087,7699,13973,14548,11100,32196,59912,14147,13437,43873,27083,18574,7936,911,32262,68512,2204,2909,27217,31151,38278,48267,24466,40899,6786,6,39,9053,2609,16270,3677,12866,3365,5927,710,304,578,803,1742,10555,295,352,0
TTGG,78879,110878,59192,83149,71376,27945,67168,45062,71874,39927,57958,48791,93702,53744,71087,38059,58482,47105,53326,30755,23506,16002,20537,19742,37375,64299,48361,112797,14884,34297,58251,29655,68779,58316,46021,98040,132546,36407,40068,159918,124809,82947,42520,41595,28643,383685,13030,1277,1902,864,2589,1297,987,648,920,4681,395,724,742,32046,1069,709,2991,1237,968,2757,2346,179,199,297,212,1815,1726,0,0,0,0,0,5,0,31,0,0,4,0,0,0,0,0,12,0,0,3304,30114,5518,272834,131716,107040,550478,48258,7460,141240,2312,80868,97927,75039,29430,88379,2517,39926,213515,95102,46323,77981,382,363,580,415,2260,359,772,1523,352,249,135,1328,1152,306,36,385,4247,5576,182,258,381,638,598,129,667,551,424,302,229,985,363,840,8765,17068,21057,39023,10099,18798,17539,14039,43689,3330,0,8,8,3,217,0,0,470,904,1,0,369335,37952,71835,120149,190610,82386,81476,4,1,2410,0,77,447,151,6,1246,27,57,55,69,0,0,92,0,0
