clID,SK1_51,SK1_52,SK1_53,SK1_54,SK1_55,SK1_56,SK1_57,SK1_58:SK1_58_2,SK1_59:SK1_59_2,SK1_60:SK1_60_2,SK1_45:SK1_46,SK1_47:SK1_48,SK1_49:SK1_50,SK1_25:SK1_88:SK1_89,SK1_26,SK1_27,SK1_28,SK1_29:SK1_92:SK1_93,SK1_30,SK1_31,SK1_32,SK1_33,SK1_34,SK1_35,SK1_36,SK1_37,SK1_38,SK1_39:SK1_90:SK1_91,SK1_40,SK1_41,SK1_42,SK1_43,SK1_44,SK1_1,SK1_2,SK1_3,SK1_4,SK1_5,SK1_6,SK1_7,SK1_9,SK1_10,SK1_12,SK1_13,SK1_14,SK1_15,SK1_16,SK1_17,SK1_18,SK1_19,SK1_20,SK1_21,SK1_22,SK1_23,SK1_24,SK111_2:SK1_111,SK112_2:SK1_112,SK113,SK114_2:SK1_114,SK115,SK116,SK1_94:SK94_2,SK1_95:SK95_2,SK96,SK97,SK98,SK1_99:SK99_2,SK100,SK101,SK102,SK103_2:SK1_103,SK104_2:SK1_104,SK105,SK106,SK107_2:SK1_107,SK108,SK109,SK110,LS01_01A:LS01_01B,LS01_02A:LS01_02B,LS01_03,LS01_04,LS01_05,LS01_06,LS01_07,LS01_35,LS01_36,LS01_37,LS01_38,LS01_39,LS01_40,LS01_41,LS01_42,LS01_43A:LS01_43B,LS01_44A:LS01_44B,LS01_27,LS01_28,LS01_29,LS01_30,LS01_31,LS01_33,LS01_34,LS01_18,LS01_19,LS01_20,LS01_21,LS01_22,LS01_24,LS01_25,LS01_26,LS01_08,LS01_09,LS01_10,LS01_11,LS01_12,LS01_13,LS01_14,LS01_15,LS01_16
GATC,49998.97387485378,49999.47555564879,49999.56676197903,49998.559534441534,49999.664521842984,49999.8421492952,49999.62703823604,49999.72333885734,49999.707616872845,49999.82983849972,99999.85547423386,99999.80891941724,99999.74237111687,49996.7627762431,49999.065560290044,49998.75240162687,49999.000339884435,49999.365076677575,49997.861420017114,49996.864810634564,49998.98807957742,49999.030782352485,49997.53767359401,49999.09792884463,49998.856777025794,49997.52143954791,49998.63682215982,49997.553776154215,49999.15178041291,49997.87279302277,49998.514115898965,49999.70075827852,49999.456651670254,49998.419122296706,49998.87706059381,49999.07139142709,49995.14280163201,49995.71624400274,49998.05113813533,49998.41037705856,49994.0305635148,49986.00223964166,49998.275862068964,49994.64725404132,49995.61018437225,49998.660163995926,49998.47029309184,49994.605674830076,49997.942302152354,49998.61832651708,49998.26165559921,49999.46068385288,49997.94128546136,49997.93754898322,49998.27580261388,49999.17365615833,49997.281204969964,49999.80522465389,49998.277376789374,49999.78080654424,49999.325891171866,49994.97941560397,49989.782364360886,49998.51768402953,49995.49143372408,49998.63039964938,49998.4709947708,49998.74570403632,49997.89721591387,49999.01199438813,49995.85663973483,49998.62799440222,49999.48840730963,49998.99636684799,49998.375304630375,49999.65045475836,49999.034338908416,49999.48102093562,49998.90492564445,49999.213576809954,49998.94255985111,49998.924592420524,49999.25419886041,49999.19150105914,49999.36072825837,49984.5869297164,49993.96645348136,49993.442622950824,49997.90812484311,49994.39775910364,49989.35943817833,49996.983408748114,49997.17609849768,49992.50711823768,49994.378232516305,49992.66001174398,49992.87038357336,49993.04396215916,49992.395437262356,49993.8642778255,49989.71193415638,49998.62046131773,49504.95049504951,49990.4397705545,49984.30141287284,49978.623343309104,49987.5992063492,49980.8868501529,49985.795454545456,49985.87570621469,49850.746268656716,49910.23339317774,49479.16666666667,49873.09644670051,49849.84984984985,49789.02953586498,49850.746268656716,49315.068493150684,49985.03442083209
AAGG,34816.42621134074,39671.06850292115,35696.213499696736,83453.37212987238,36325.23936366504,16586.636359331344,43089.764437349884,46354.57445366341,27142.949034697103,37655.46380069324,25546.604795568812,20996.78831686373,30711.14950170752,98620.94267955802,4009.680795395081,18272.325772887194,13381.450306895655,33250.51111327455,18130.881094952954,92995.98695761224,7020.703891845946,30295.805226021555,157320.49640500345,21039.00555675832,61724.89482348638,30808.506419471574,3985.9320046893317,68296.12355061238,14037.18594669788,35890.23611997448,16096.582466567608,9019.444727061626,7750.863923844298,39321.17111420261,23317.836769527916,13503.825867320407,291728.1911793277,88403.87251542152,91493.21796071094,265211.10192662297,22200.33428844317,59756.43896976484,96260.3448275862,23412.91082325233,69209.83318700614,46158.690176322416,66751.82035122071,98192.90106807637,30830.486851310754,26439.70376920526,17748.496332093317,26942.616761945854,27374.72722032363,25048.467598894527,33721.852477671644,8308.474156096352,26097.713493379735,7294.921038074685,29972.782553272125,41768.40896238202,8466.132772474788,14522.040365498544,44763.46173495453,40822.9818268062,45568.07935076646,13264.579395732324,30155.04113024067,41261.32002107217,81968.62646143493,8241.942814235184,20292.106898694845,8972.230606700876,14042.196165101193,28826.35139203918,21830.2193338749,6445.963801094776,15967.206149329832,1473.9005428521016,12343.13059856764,30361.440098145613,17664.537687166903,24245.06387921022,19622.773783598343,18549.39120029753,28631.06349246938,426834.1553637485,69343.55013877158,36104.91803278689,14128.52480963936,969.1876750700279,146297.08448606086,1523.3785822021116,9680.334349937873,136561.5165592687,23631.099617719814,91896.65296535526,339148.72379865963,211289.64941569284,173163.49809885933,130439.3177076942,209537.03703703705,9543.648603906853,21782.178217821784,10611.85468451243,4364.207221350079,34138.52073535699,19084.821428571428,13092.507645259937,14801.136363636364,23672.31638418079,255522.3880597015,28635.547576301615,435416.6666666667,357487.30964467005,95945.94594594595,219198.31223628693,31194.029850746272,526712.3287671233,0.0
ACAC,8991.934656350688,10508.815909543837,14726.19357074777,24101.869724294895,13130.27958749606,5823.270350902117,11759.484417657502,18285.91822449945,8355.871199384826,16097.022684229602,4743.260743716288,3343.1341739553704,11643.756730282828,147213.82941988952,2320.2137998056364,213.33932180552438,3102.944998700442,46.13776142967801,3477.331052181352,2417.2310007524457,4876.44451640323,30217.298596572848,361105.09209100757,9429.349787111209,4623.193707700751,35986.21920388639,186.7553641048011,8874.0847045777,772.7280438359883,1548.6066794299086,230.31203566121843,70.62104626875498,10157.353676294799,540.6601745288984,85298.4772941652,48065.70834261942,702098.3096949679,221778.61549006167,272129.3264733396,427196.85890506767,123931.47086914995,257558.79059350505,132525.8620689655,40140.24194411733,118770.85162423177,97577.57650463583,100032.12384507128,90338.76362067104,23570.92884480843,0.0,14843.722838368738,50488.62042929565,59976.530654259484,42620.55026193128,11910.755543294596,11581.622112961204,316357.63029825187,17.529781150421105,20373.46471206353,22.576925943299035,39055.16906649409,130914.24841851591,1624522.3255338713,96369.80818831343,50437.33092876465,6004.327937107952,30038.072230207028,24679.527381280885,487.8459079821684,15152.054063667081,28203.853325046617,178.36072771176907,1007.837600016371,0.0,684.8090982940698,46.4895171382032,0.0,491.473173972162,12204.603692590726,18277.654571478004,8186.701632687589,16849.485955177013,10982.667581516065,8942.806784923112,21652.133889073568,732829.8397040691,74809.94328466273,37495.08196721312,7696.008702200653,14812.324929971988,226016.17365396893,4657.616892911011,1426.0702586693776,344605.12513112545,1627.5016865302453,445933.64650616556,524076.71467275056,347391.4858096828,582121.6730038023,382114.36986133264,927438.2716049383,478807.5267630504,202970.29702970298,280736.137667304,126970.17268445839,799230.4403591278,525942.4603174602,398891.43730886845,41321.02272727273,187274.01129943505,1037761.1940298508,59066.42728904847,1996875.0000000002,1351649.7461928935,7507.507507507507,394725.7383966245,140447.76119402985,2047260.2739726026,44.89673750374139
ACCT,3132.7600714183104,3168.692770010174,4106.2299627415305,7405.433436086543,4031.1055347186348,1764.455178292371,3602.8106398532022,6128.597632333942,2815.357131370663,4524.764453943238,1385.4109616241008,979.8934510761485,5032.625425431585,295793.7672651934,173.805786050684,61.132320283454355,24865.545714457083,479.36710843220504,51186.91189050471,335380.61198896414,83560.34081479833,91335.19423121656,368418.20151679305,335.5704697986577,666656.7587342235,2347392.554404402,2808.146350772922,777133.5148975033,497.0566780328091,124339.50223356734,3904.9034175334327,126.87848990657675,45.64125969876768,53598.07765271279,48.28639446615461,0.0,936409.5589663881,102994.34544208362,189066.8849391955,365268.32835251477,258118.43361986626,541097.424412094,1279279.3103448276,23172.037255111874,49424.93415276558,315740.3933758508,36823.10469314079,897432.3012191175,45697.35380056793,0.0,45250.84309703439,75602.41613633912,324150.78025281016,329895.22748834715,486787.47543018725,268.56174854356897,26018.8684375085,154.6516248159373,14956.676026252779,7312.293684159766,1719.6516205576227,84124.91213977306,243746.80698886275,25933.117903412294,2330.9287646528405,432.79371079518995,107060.94614843583,4929.383137245064,373923.37454790145,2059.0036951409884,247025.06732960432,482.94597041955933,232.2630814250926,44.159858688452196,343.62307067424854,159.04308494648464,155.47143574491096,0.0,3194.879432313454,6051.526447411881,2811.7333558920564,6050.243042112961,3726.768294501954,3109.4869265721263,5940.752294985552,2194405.055487053,510359.5993725112,58780.32786885246,8969.960672747051,578526.6106442576,590157.4803149606,238802.4132730015,79828.87156895967,458732.9536939907,57912.63773330335,1166478.273634762,90382.1474404677,110879.24318308292,574714.8288973384,1700754.6938274633,502818.9300411523,103017.05109811279,49504.95049504951,180372.84894837477,57990.5808477237,317614.36511329626,257924.10714285713,265883.02752293576,5596.590909090909,82189.26553672316,597313.432835821,93447.03770197487,1289583.3333333335,756091.3705583756,1234084.084084084,231223.62869198312,124328.35820895524,1247945.205479452,59.86231667165519
ACGA,38173.907689781845,31673.81659132149,43921.23732778789,89287.2576416698,36525.18434524728,14034.82186547963,36793.79689994182,40243.68313446009,31983.35170473982,49377.464151225926,9806.829353749166,7350.915884936244,14435.24779025959,135065.60773480663,468.1542946849069,3760.2614966190085,48758.4221364736,14494.876168788016,393.4987168520103,131530.5994482067,21878.731456558256,6921.183220904087,421087.36334088445,18989.499891751464,82953.40223157125,221466.81207554654,15346.656124758036,88900.66700370196,1242.6416950820228,33535.41799617103,7925.705794947994,8.079526479899934,2905.8268674882092,32223.03022638169,2468.220814804833,11857.402867543273,452928.8906158927,144144.10555174778,59428.59370127845,354767.2792013734,59718.24259789876,48936.17021276596,86265.5172413793,20281.554437426403,119920.9833187006,26122.78257141326,35925.16673805299,74948.75391088575,28023.786987118812,13174.256659666187,35853.35326634913,74586.88383130191,52717.503191007534,26978.921750608424,63864.27118176488,105.35883981324629,42977.35243739975,51.81024206680016,360.02825102065424,111309.72473685825,218.41126031386506,29704.287579074204,271630.7346480024,594.4087041593787,942.2903516681695,1.3696003506176897,397107.8866089722,1883.9525374407344,25647.657498528053,15947.39858122394,17184.58669981355,158.4666465439179,34.276710254363884,222.80655974628155,193.33874898456537,81.09449606062513,215.34242342307545,407.9175446062506,22356.490505705337,51293.272936032336,25779.333389730138,38208.15589108272,29540.43733778825,29712.33607683974,47930.677372337435,1478329.2231812577,67147.33920598528,117691.80327868853,105307.08727303155,164593.837535014,492051.50031921687,4853.69532428356,6966.565006212583,590274.2394725011,76641.55610523949,265524.0751614797,379238.5569656352,265678.9092932666,581581.7490494297,298631.7339550865,361162.55144032923,485.59761615715706,47029.70297029703,51644.35946462715,12291.99372056515,196579.73492945702,81932.04365079365,30886.850152905197,49460.22727272727,37302.25988700565,837462.6865671643,47217.235188509876,2355729.166666667,898984.7715736041,338138.13813813817,640295.358649789,220149.25373134328,1960273.9726027397,0.0
ACTG,15518.09058632791,14141.117486023557,18932.50151633307,31065.080233931607,15291.765353157856,7445.975596281037,14020.005669018812,21133.729696530394,9940.295365435051,16478.014283356333,4174.330972935434,4582.360167984052,4872.078906360899,256861.83529005526,962.4729012484114,525.2389150884547,6723.713937261331,144.97415862077725,207.44225834046196,269823.8023576624,7940.539555969319,19886.40769171125,227617.45296956564,26519.98989680306,65663.297969636,104277.99534030636,201.75032034679242,4426.849752931392,1019.5599436782194,22354.81812380345,955.4234769687964,114.90882104746572,1705.5704070765687,144294.61236878717,946.6379194178683,24778.06255107347,693447.6394015931,40203.05003427005,436619.1144371687,505355.43968970556,63711.79560649474,62220.04479283315,150479.31034482757,8227.170538486243,34402.985074626864,40614.44879146793,527742.7644863244,206861.58161613983,122239.59833738014,6076.599977893224,58749.08736918959,47007.334699600906,114312.18347263969,31481.252320257398,100420.70416221248,16.11370491261414,24118.430711508663,7.596238498515812,89.57640695250728,12.713220434090719,82.241277031764,2392.3084647052915,144630.63247164607,146.74928107675433,595.1307484220018,1964.0069027857671,313.4460719855662,0.0,67.28909075616116,51.376291817337524,5978.868862647608,87.12235545921027,0.0,0.0,56.86433793663688,0.0,0.0,0.0,10555.421713134321,19337.753031661396,9127.82336519753,17312.98662192971,10625.42883565526,9276.716847500931,18731.940573298896,900277.4352651049,84300.7119584892,206334.42622950822,26495.690737176807,54392.1568627451,223238.98701851457,48.26546003016591,381.2267028126059,390461.5615165593,37432.53879019564,715641.5149735761,335869.10024240694,276565.1085141903,1116653.9923954373,255025.15646091543,911172.8395061729,10114.777618364418,62376.23762376238,15822.179732313576,596.5463108320251,27447.62719110731,6039.186507936508,11850.152905198776,4232.954545454546,80367.23163841809,318208.9552238806,28276.48114901257,274479.1666666667,317639.59390862944,10960.960960960962,55063.29113924051,24477.61194029851,395890.4109589041,0.0
AGAG,6292.199396638414,11002.318044032347,7579.065938826791,14622.165884013713,6695.137579592193,3603.8894413663556,6837.880980441885,43265.099473513845,4676.083352581889,7104.327717436619,3241.4883801866727,2802.9424892266743,21552.81085120965,637055.4212707182,562803.6929057337,151886.36874017518,100106.96363236499,81619.81638017515,14582.976903336186,224504.64008026087,17695.452429620935,14958.905171745368,921737.4175120653,22073.681171970846,677604.2619352479,298981.3116541913,463.48046566155017,142398.76710318174,1868.6277503520112,65166.98574771326,885.5869242199109,305.8250393502864,465.1061702636326,48253.13013785254,546.8714908143556,97425.89703588144,1327870.6042354768,241171.17888965044,470993.1400062363,701351.1795002226,74229.94269340974,193155.09518477044,33039.65517241379,2681.7257252970776,248235.29411764705,328298.67624202796,240459.21801382853,773756.6080483331,809749.3724021565,0.0,202866.52991690714,105408.26232337397,431926.54506526125,100672.35903147301,15681.575226731955,269879.7669710367,73309.58919007097,80.05266725358972,105045.56338392103,37965.62169839857,388.2866850024268,61040.2650868561,524486.5638091345,1864.7534908541106,900973.8503155996,2881.639137699619,30148.160606709276,114240.02207560895,376.3983514172765,113167.15078941648,41288.58504246944,4074.8566254150314,628.7474164569137,9123.02535177342,8221.770917952883,97.52312241773453,0.0,162.95942621674644,5013.797936879913,11070.872457887039,5974.536841214786,8973.200843119543,6835.267444288655,5488.090810601038,10104.968419975963,1645699.7533908754,421497.5262459274,180209.83606557376,82062.17052966279,1632728.2913165265,745201.1066184294,70428.35595776772,204074.8898678414,486104.45077176683,151759.61322239714,755460.9512624779,451575.6452302866,913153.8675570396,1200844.1064638784,403472.8187507669,903930.0411522634,150124.1584814038,256930.69306930696,306128.1070745698,9089.481946624805,669559.6408721675,255245.5357142857,267698.77675840975,28196.022727272728,457528.2485875707,1743134.328358209,119030.52064631956,2510937.5,1548857.8680203045,526276.2762762763,893881.8565400845,189104.4776119403,2186986.301369863,239.44926668662077
AGCA,491.51394504073716,844.3554054479279,1278.0521618577247,2579.873815217078,1427.4595581081717,350.4285646635412,962.9872745446137,1766.3430653501287,567.8080329340354,729.3972709498585,219.66688569836768,109.80303150055292,67.19720104522301,3.2372237569060776,0.0,0.0,0.0,0.2116411074755872,0.0,0.0,0.0,0.0,0.0,0.0,0.0,0.0,0.0,0.815407948596683,0.0,42.54413954477771,0.0,0.0,0.0,0.0,0.0,0.0,0.0,0.0,0.0,0.0,0.0,0.0,0.0,0.0,0.0,0.0,0.0,5.394325169921243,0.0,0.0,0.0,0.0,0.0,0.0,0.0,0.0,999.1571735406868,0.0,534.0131952937934,0.0,14.830394218842688,0.0,1031.981199550424,0.0,216.4111812443643,0.0,0.0,0.0,18.925056775170326,0.0,0.0,0.0,0.0,0.0,0.0,1.7477262082031277,0.0,0.0,233.25083773188197,566.2246968338602,87.76753235766854,239.81589022239427,299.8120581128248,324.20807528742137,507.58176285575473,0.0,0.0,13.114754098360656,0.0,0.0,0.0,0.0,0.0,0.0,0.0,0.0,0.0,0.0,0.0,0.0,0.0,0.0,75742.57425742575,21701.720841300194,282.574568288854,299.2731936725096,47978.670634920636,0.0,1349.4318181818182,225.98870056497177,3134.3283582089553,0.0,0.0,0.0,0.0,0.0,0.0,0.0,0.0
AGGT,6307.591273831757,5678.158990549512,7235.941426219565,14279.335081098212,7162.794130474165,3377.373679973481,5481.046083155555,10007.801844223177,3568.389875357073,7284.3585847327695,2363.127429844701,2199.7462192535163,4252.140570149457,165084.3836325967,574.6804216191971,386.7554956708337,14141.191994721794,1423.709729988275,286.5697177074423,53922.12189616253,1063.528364129445,18171.861673257346,573830.3949571555,3066.1398571119294,27128.681177976952,11574.877311257622,40.8953352054309,16914.82248568959,7533.886372504114,240.37438842799406,176.82020802377414,51.76881781565513,25.537371498120013,0.0,14255.715761577505,0.0,543384.4958228094,4.283755997258396,93.54536950420953,132111.97303999492,49271.72874880611,159672.4524076148,309110.3448275862,0.0,44565.408252853376,130510.74548475267,369646.0258214526,21377.710648397886,69159.224659451,0.0,16604.66571637173,464.8905188221336,0.0,112684.07375324836,47870.616228145795,4991.943147543693,84952.82890622877,30422.545635863597,664.9325593013041,7.671770951606469,27.63846195329774,4315.192288382367,325181.36303259426,3911.83184607631,159544.63480613165,78.06721998520831,7997.461851319532,375.0344931390011,27.33619311969047,29.640168356156263,2374.145431945308,3421.095958071509,265310.43444451265,0.0,636.0682372055239,0.0,0.9656610915832979,0.0,13509.38478722705,22602.19569354661,10147.19566872515,19416.483847378156,14227.648339846663,11865.530456155104,27189.50571508937,3039889.0258939583,1914124.532400145,478944.262295082,282685.5493264162,542224.0896358544,2048638.008086827,138947.209653092,131523.21247034904,2325299.715270493,478454.57611873175,2460591.603053435,291080.84985027806,2459759.3210907066,1717756.6539923954,1098815.8056203215,2318775.720164609,6452.102416951771,436138.61386138614,529502.8680688337,66373.62637362638,1169153.4843950407,663529.2658730159,1280485.4740061162,56022.72727272727,2555720.338983051,4665970.149253732,445870.73608617595,12203125.0,5607741.116751269,555555.5555555556,3862869.1983122365,797761.1940298508,8048630.136986301,149.655791679138
AGTC,5016.725839883432,5698.087875895489,6761.545793258816,11581.343090086717,5230.104467898095,3543.748322836261,4300.249138458325,7756.333465208479,3010.0842940555585,5220.299586337393,3024.8800776289936,1991.9078908531558,39761.29419199269,486332.4412983426,51522.20228750841,1467.1756868029045,176317.05220225122,278.9429796528239,274020.5303678358,325275.89666415856,379493.4326364575,82561.83608591146,441076.5291046981,287826.54975824495,111581.99195171027,724009.8150993903,541.1816025518689,293892.59446501086,2323.2734490304847,18857.68985322272,6040.1188707280835,219.34418184320933,335.2459194540436,23251.549260149237,0.0,0.0,418986.78842043906,3585.5037697052776,117713.205487995,861421.4408342341,135112.22540592166,342287.2340425532,9472.413793103447,6867.573064982336,455539.94732221245,0.0,51232.94376797406,24285.251914985434,24653.277912671303,31.77849010721786,1599.2768487292703,85781.46909718477,53129.24609873595,106311.10011137236,60364.15048794786,64790.3152501756,110926.83722574156,85.50637694483184,9881.828047751116,82.85512627734985,767.8099552391737,57764.33376845065,601619.4952487994,2491.773146363879,107303.87736699729,25763.55219546936,3496.0704565609617,6084.589719790281,780.1328959542434,46716.85735174976,38471.100062150406,1382.9816425651015,7527.5748460106,119.43234508922299,23532.900081234766,60.12178156218759,144.84916373749468,204.9967304318944,6134.606539784051,9595.542553358813,5349.589713222231,8402.15941841958,6749.500313236479,4804.1007066280745,11320.224000818267,4516877.311960543,1296084.2283094004,968950.8196721312,202280.1439210108,211322.1288515406,1847244.0944881889,183248.86877828054,138.37117361346435,2468762.1759328637,74097.70631886665,997768.6435701703,1267795.522600884,793273.5114079021,2870585.551330799,805215.3638483249,2091975.3086419755,17524.27988080786,15146039.603960397,1344980.879541109,202637.36263736265,3714151.346729371,1019990.0793650793,501051.2232415902,2502798.2954545454,711327.6836158192,14627164.179104479,932854.578096948,36883333.333333336,23037690.35532995,13406906.906906907,21936708.860759493,5810895.52238806,30561643.835616436,688.4166417240348
ATCG,11051.367824819916,12127.775621728777,19085.434537735033,34744.02927026015,19802.269174254066,4650.597464917681,13581.402634601902,18970.101230312102,8563.170836537365,19131.17239572078,6270.202624937837,4813.283146508173,1015.3508706575429,14.02796961325967,0.0,0.0,0.0,3.80953993456057,1159.1103507271173,87.78530223225484,22.262249296715307,0.0,42162.41504973899,0.0,196.63435156392904,22.30704406880484,25.900378963439568,1.630815897193366,0.0,21.272069772388853,0.0,0.0,0.0,0.0,0.0,0.0,11686.419273363123,0.0,440.44278141565326,193.93399885547146,2823.543457497612,688395.856662934,0.0,16.058237876030404,469.7102721685689,0.0,0.0,0.0,0.0,0.0,4168.549873100859,138.0649336641139,4.117429077284144,1984.077878150394,18.96617124728439,6540.924678758832,586990.5657812458,3.116405537852641,559154.019741262,10.521285876488871,20.897373672005607,1112177.4274525554,10877873.7100235,345981.4414040497,1275414.788097385,308.1600788889802,511239.7174398337,61686.27549356546,0.0,3485.6837986839764,851.4605344934743,546.0582279175699,1543.9867395174658,16.058130432164436,12233.95613322502,68.5108673615626,23.17586619799915,13.493455673998112,8477.518123480584,20191.80861605247,5602.317908806361,12485.48199767712,15615.58426061275,7327.42590107207,18666.09558391081,119836.62145499383,434.41534934234346,0.0,157578.86369341478,44.817927170868344,989.5722494147691,0.0,2.823901502315599,4821.669414056646,0.0,8448.326482677627,616854.4132325681,549.5269894268225,912.5475285171103,257.70033132899744,411.52263374485597,11.036309458117206,1935643.5643564358,2094493.3078393883,157598.11616954475,5675630.611372381,927740.5753968253,1092985.4740061162,291022.7272727273,2514618.644067797,2021194.0298507463,349730.7001795332,3501562.5000000005,7873350.253807107,1192642.6426426426,3741772.1518987343,37014.92537313433,3592465.7534246575,44.89673750374139
ATGC,20801.60896422928,18112.734557736076,26923.576813101117,44493.10016997494,20437.32932548762,9772.221432968698,19020.304038429982,23477.602897195487,13934.541265492651,23990.55943996447,5972.034253129296,5480.434937496719,10357.141505891763,100057.19095303868,62.607460566644235,5914.863887017492,5824.019833256692,4497.585174963704,29606.50128314799,58515.17431652872,21780.575175568196,35056.60231061487,137151.58081355263,12277.188424622935,16360.663983903421,60333.11852476082,204.4766760271545,52579.13534141131,17418.189220825487,20901.93575834929,231.79791976225854,52.06805953713291,1913.6728173697593,13540.217528771975,2300.9028432825767,1606.492831141817,247071.10938410723,57500.85675119945,41561.42812597443,165675.27182552297,14487.8223495702,59210.52631578947,46553.448275862065,13173.107804303609,100118.52502194907,147656.62682887615,64601.05243835281,75439.63750134858,39075.682126836495,3422.4052171990716,9712.130167228732,64416.9992449574,68439.90612261705,32417.60508187931,41097.96889547915,278.89104656447546,3205.459340420326,24.152142918357967,64352.035279323354,0.0,39.09831203149436,208.3542524349834,27286.195974251557,0.0,0.0,0.0,127.67193663802331,0.0,0.0,16.796095401821884,4551.4812512948,0.0,0.0,0.0,0.0,0.0,0.0,0.0,11209.728640574695,20055.36419257931,9198.671855172997,17580.763109218395,11700.128277796008,9747.263231085168,21632.95573682461,206550.5548705302,5110.413901291179,18360.655737704918,29236.04719270354,9647.05882352941,63098.53160246861,19864.253393665156,7291.313678978877,57062.04106099206,37561.83944232067,91669.11332941867,107065.44987879651,106524.76349471342,221201.52091254754,108277.08921340041,116481.48148148149,23430.08497958283,3960.3960396039606,2151.0516252390057,172.6844583987441,5151.774262505344,632.4404761904761,2217.125382262997,198.86363636363637,5084.745762711865,41044.77611940299,0.0,176041.6666666667,58502.53807106599,3903.903903903904,15189.87341772152,6716.417910447762,80136.98630136986,0.0
CAAC,2718.2055123442856,2476.950670764325,3026.1675764665106,6489.29734090058,2893.8345824303383,1597.9226847247871,2818.845012009369,3243.8518977571084,1790.115696003415,3099.406646848524,912.4515755892887,1028.4103579040902,1883.0726638289448,35354.79972375691,246.6920834267773,22991.990418444497,3609.7726772897213,40895.83447972267,218.13515825491876,41067.845497868075,113.33508732873247,154165.69744901915,349381.9560720969,3708.4145197373173,432938.54033290653,17751.449957864475,190.8448976253442,88260.57176405356,143.34911021765313,12350.56370984897,139.6731054977712,32.01886419812196,699.8326487144378,12101.61881876818,0.0,0.9286085729143452,185481.83407810374,129318.02604523646,19975.834112878078,354713.2320213645,0.0,141783.31466965287,160201.724137931,0.0,37897.278314310795,95282.4374296586,158933.48834363336,329938.50469306286,0.0,0.0,69144.38688592984,255422.82385934636,3487.46242845967,41251.082786783816,21950.756922652505,101494.44283766476,3462.3854707593596,14.218600266452674,140.39379166594892,1114.5987225405397,93.02701828183142,147685.51059343308,26376.82640237049,14.82315970472266,171.32551848512173,724.5185854767578,2248.4021895354886,1199.106941273863,42.055681722600724,1260.695160748513,40078.72384503833,112.50445901819279,0.0,133.48320921736686,38.18034118602762,43.69315520507819,28.00417165591564,0.0,2941.36971900392,4130.294594126992,2207.9350308772523,4250.0107540757945,2408.9376808567763,2178.9046456349142,5346.229575267855,711390.2589395808,59834.680825389165,32295.081967213115,1223.7469667810226,137182.07282913165,323345.3926367312,0.0,0.0,601933.1634946801,111451.54036429054,582905.1673517323,174226.43661770996,133215.08069003897,229193.91634980988,363621.3032273899,150195.47325102883,4868.392009711953,19801.980198019803,32858.5086042065,78.49293563579278,3911.9281744335185,7837.301587301587,3306.5749235474004,1548.2954545454545,2627.1186440677966,1128805.9701492537,55385.99640933573,1030729.1666666667,1793147.2081218273,499399.3993993994,629957.805907173,408358.2089552239,2662328.7671232875,254.41484585453458
CACT,13659.777946518358,11878.664554904079,17212.979811108224,34555.328282100774,18841.79521071383,4858.328992438951,14582.059047306471,17728.44602202776,11520.626167705113,20212.80397225006,7353.899045354179,6544.835841591367,1716.6314137445643,296.7455110497238,16.81991477909845,16.21877885071238,37.98708439130696,36.19062937832541,301.5397775876818,0.0,0.0,12.599829417694037,79646.40992810007,55.928411633109626,35.43991220047558,91.70673672730878,62.706180648327376,322.0861396956898,55.13427316063582,153.15890236119975,71.32243684992571,0.0,0.0,64.81598583533578,0.0,922.1083129039448,3336.895278803186,0.0,58374.259432491424,2096.7126597571055,1345200.5730659026,0.0,37.93103448275862,0.0,338.01580333625986,0.0,377.83760631463014,528.6438666522818,384.78949751018564,111.91555211672377,44127.872614122316,360072.2683637148,216.16502655741755,740.4199150270182,70.69209283078726,723616.4938230797,745455.5341072837,2741.4629965797453,81021.86008854283,10.082898964968502,20.897373672005607,340455.8690631589,8142852.7638704395,261041.77166404793,5641564.472497745,262.9632673185964,726298.125439589,74856.38311215914,96.72806796198167,985.0415950362598,474242.8009115393,885.6296133688226,612.8880430556408,0.0,127992.6888708367,24.46816691484379,20.278882923249256,12.455497545229026,4651.875862371055,11043.347646235392,3632.306911428813,6907.342882952639,8744.518361624057,4126.578594182042,9170.353133710078,1248.45869297164,72.4025582237239,32.786885245901644,6535.017990126349,0.0,500.1064056182166,6.033182503770739,42.358522534733986,24479.24471751836,8.432651225545312,9923.664122137405,27427.63439326964,1989.4268224819143,0.0,3215.1184194379675,41.1522633744856,23.452157598499063,1150495.0495049506,2001338.432122371,69843.01412872842,4447413.424540401,473338.2936507936,2033753.8226299693,50042.61363636364,2115819.209039548,2961492.537313433,249910.23339317774,2972916.666666667,7843781.725888325,3530930.930930931,2809493.670886076,1646417.9104477612,3280136.98630137,44.89673750374139
CAGA,14618.178833090484,19712.81427327746,25490.85867775756,45014.548702140535,24401.003750645796,11179.460466290982,17566.87204427802,52786.25436778779,12129.36783844078,22832.865672810065,7616.325242867139,4990.593791808298,25238.249602799362,1427.6156767955802,991.4405322568588,567.6572597749333,6794.6898054661415,247.62009574643702,1439.2643284858855,1812.1394532229747,234.7655380380887,1761.0684655346206,546.6364621294198,176.80594645305624,458.4324126577648,68507.41089575175,727.9369666566699,366.9335768685073,2676.132797258554,1706.0199957455861,959.8811292719168,318.09394993087517,493.90363174023605,106162.26128746681,89841.8901316085,293128.29656043387,3866179.3277637456,446097.4982864976,414452.75958840037,2332941.7562154257,448603.15186246415,568099.1041433371,381777.5862068965,589647.7893159192,308270.412642669,692228.951176376,383752.9829284709,1777376.2002373503,644561.5045886663,35410.90969382115,107000.31290199215,1162792.5790098156,72948.49096224317,187419.04879759107,851194.8687885789,4.1317192083625995,12.234577635192084,19.867085303810587,252.36430035658302,10.082898964968502,128.0806773445505,37.65438297017773,1491.7748033105138,20.752423586611723,0.0,50.67521297285452,0.764502614598942,0.0,96.72806796198167,32.60418519177189,4464.470685726124,1039.2942403205004,0.0,0.0,0.0,32.15816223093755,31.86681602224883,0.0,35246.0632076918,35416.56836376791,23169.571102275608,40120.230567385035,22318.09910205543,19375.677117862975,60184.23811593832,6211.4673242909985,30.167732593218297,150.81967213114754,251.02501882687642,0.0,106.40561821664184,21.116138763197586,39.534621032418386,71.18237674209502,25.297953676635935,7435224.603640634,5362355.62526736,1555975.2365052868,5500182.509505703,4708172.781936434,4234567.901234568,309727.12724864803,0.0,19.120458891013385,0.0,0.0,37.20238095238095,0.0,383.5227272727273,819.2090395480227,0.0,18132.854578096947,0.0,0.0,0.0,1687.7637130801688,90298.50746268657,0.0,0.0
CATG,28052.20924743982,34889.18490858935,34107.529676804435,64191.466682031634,32558.49061667595,23108.080377578885,28972.042786173562,36511.66265046908,23341.529806997896,34529.85228280161,33778.52961751784,32288.382787828803,34075.2027760963,120864.98618784531,20248.374074904685,17730.868078948028,14518.063858288182,37162.06206163836,14377.673224978615,80590.04263857537,28364.129444860457,12569.783670621075,511993.99192356935,14913.942411777442,82485.82403511982,22842.413126456155,14899.533793178658,123727.55589621488,10774.933414762414,20025.52648372687,19738.48439821694,10338.202993614183,15026.298059159766,366994.4353104844,20539.684678614743,159420.73397221602,790800.4662910432,160683.68745716245,167011.61521671343,1040120.493418961,101444.60362941738,113059.9104143337,108401.72413793103,24558.398458409167,30254.60930640913,35067.52773460528,207535.33622957842,217817.45603624985,152432.19885592,58421.299878412734,381583.9794180023,140955.12889655918,60345.04055667642,694476.7561770409,183928.75616400564,79880.59331487832,936445.4473777222,15473.53782147671,95196.4651771718,12562.634529983472,10129.833360297685,318731.8003815644,3677863.4923878615,57595.387032699895,638579.8016230839,55537.294217547314,310918.6263417021,11519.454130396607,12103.625199764489,16392.001106566284,279250.05179200333,25119.364487007108,13503.48906214828,13412.553443465345,68575.95450852964,14794.502352439476,11645.872764494574,12037.71939839947,14436.912766376836,33320.35735069756,11220.497419846035,24849.44293887383,19592.195936875392,14937.826431447376,28108.77847955609,1415397.657213317,114390.00844696513,61318.03278688525,87461.30030959753,112857.14285714286,313364.5456480102,11764.70588235294,27369.253360442788,586123.1829761727,115442.99527771532,828897.5337639459,235648.08213318122,1157053.4223706177,946349.8098859316,948699.2268990059,1446450.6172839508,194.51495419931575,2706435.6435643565,3568346.0803059274,280973.3124018838,7285036.340316375,2784536.2103174604,4848604.740061162,489460.2272727273,6729138.418079097,9326865.671641791,671633.7522441652,22383854.166666668,15975253.8071066,93993.993993994,5674050.6329113925,1185671.6417910447,10884931.506849315,0.0
CCAA,8588.667473885114,8220.140760863864,11778.875314097566,21052.404137017085,8946.5314913346,3968.5245694622026,6275.081678626308,9824.790498349717,6054.815988678925,9706.69262196751,2978.591004735553,2298.1540838322753,4452.225813625302,25268.689571823204,62.607460566644235,26.19956583576615,337.88511905951975,5.29102768688968,115.48331907613345,896.6641585151743,62.73906619983405,265.56563541908974,50453.06805870186,18.943494262827453,19880.647521492592,16142.864224458435,121.32282777611167,7142.973629706943,101.7863504504046,172.30376515634973,46.062407132243685,10.772701973199911,8.69357327595575,43515.23966105982,41.54875802901675,282.2970061659609,76005.44006217213,2394.619602467443,42949.0177736202,75114.45285178356,787.9656160458452,7544.7928331466965,505.17241379310343,5208.221817792528,51123.792800702366,312.18178894903264,8188.521079361194,17191.714316539,1475.3693567636528,681.1650270808002,8218.892326947815,867.2203645777155,337.6291843372998,18.562059151095163,5134.659815855719,41.317192083626,23187.243413719043,0.9738767305789503,76.65673287281874,5.041449482484251,0.0,95.39110352445024,6876.468785123122,17.78779164566719,238.95401262398556,0.0,1025.1980061771812,0.0,21.027840861300362,0.0,760.3066086596231,0.0,0.0,0.0,985.3777416734362,0.0,0.0,16.088350995920827,4628.879300904531,7821.7650482077415,3097.242196091701,6282.531079279047,4339.8168312401185,3506.459906537523,7797.836704426318,55117.13933415536,60.33546518643659,668.8524590163935,0.0,6840.336134453781,23185.784209406258,0.0,0.0,22767.121234826915,8.432651225545312,80240.75161479741,32739.198631113646,36393.98998330551,80745.24714828898,83893.72929193766,78878.60082304527,0.0,3465.3465346534654,10219.885277246654,737.8335949764521,14023.086789226165,17621.527777777777,9212.538226299694,14.204545454545455,69307.90960451978,35970.149253731346,0.0,39583.333333333336,14086.294416243654,0.0,0.0,17462.68656716418,4794.520547945205,0.0
CCTT,29798.674246311082,33293.30074785764,30580.538948098085,71736.62527728963,32245.154018021887,14133.952108096162,30042.443048738645,73540.6816377233,22573.585523526606,36150.13008846696,11632.368505952101,9496.723905154176,45527.62897614579,1183972.5051795582,9590.154743215968,7893.554906804402,212275.82621908552,66299.9631744473,38357.57057313944,844281.4145974417,176510.29123069762,89452.97355974258,1850561.4104205652,121035.39727213683,650246.9361624292,406677.2418579289,52421.0038441615,259163.55452632954,124376.98271328481,403137.63029142737,17851.41158989599,3401.480648037872,9179.326682749777,175377.82977108893,128446.30103759601,106288.53725577595,3578657.47037109,707213.8450993832,759806.6729030246,1639603.8659629936,451892.311365807,444064.9496080627,425965.5172413793,83272.668879135,479262.51097453904,203345.57050217054,401965.67337698094,840624.6628546768,839462.5293221944,27250.746103680776,135879.42843236102,689100.9599827419,715893.2762383168,135496.84444994433,538722.0248974102,32192.703383878033,158883.66276066448,392.472322423317,45826.9452722606,33801.38442586658,758.3724316453648,186419.3192087559,1436093.797895167,43304.37876137678,188579.80162308385,87058.64628701344,103866.85422464146,54482.853774176554,30067.70964757339,206494.16088683382,96931.84172363787,4072.1126142194657,7501.4836188020545,35.12716032035971,11824.532900081234,74.80268171109387,37.66078257174862,29.581806669918937,41869.07291005059,73812.500983029,35311.09889180272,61094.979997419025,36885.83276155246,39495.981760263894,81268.0594267011,9038224.414303329,3054072.643900085,1401724.5901639345,622757.5098318133,2484375.3501400556,5298371.9940412855,364205.1282051282,271662.14842426294,5069769.968529897,800733.6406566225,2906921.6089254254,2396356.7660059887,2956976.9059543684,4759984.790874525,2782543.8704135474,5413590.534979424,442640.16113011807,1252475.2475247525,2036434.034416826,339073.78335949767,3550491.6631038906,1810652.2817460317,3245680.4281345564,250894.88636363638,3880494.350282486,4075373.1343283583,441292.6391382406,12216145.833333334,6036421.319796954,3072972.9729729732,4689029.535864979,1250895.5223880599,9037671.232876712,74.827895839569
CGAT,18021.835943111622,20078.876430421966,24104.497010657655,46015.67226527614,22852.772056011436,9116.825306624994,21574.34619802778,35535.74046971529,14411.125762754482,23511.895139677068,8127.247679310905,6489.780270993571,42701.31179265644,18068.024861878454,447.5966210660088,1130.3241260573398,4010.636383629566,194.92145998501582,3434.5594525235247,41165.03636819664,553.5204711501488,2092.5409009847253,433421.1563084802,9974.20076495634,36197.869032376075,121585.78297724682,946.0454210856348,1313.6222051892562,7880.808183622576,7083.599234205489,836.552748885587,357.59385716594153,411.85803394840366,211733.27431389908,76396.93662129992,135906.50768887898,1525286.5747037109,757089.6161754626,272675.0077954474,745733.4520251796,221245.22445081183,466895.2967525196,184810.3448275862,72481.53302644257,477607.5504828797,485957.1788413098,119794.40739154378,613075.8442118891,269657.18753858184,13461.64474411407,130002.08601328096,377893.97044547513,470370.9803598633,296982.6341624387,164029.79413083207,1306.449613684254,230076.67001984722,36.22821437753695,231.69282182908134,7.671770951606469,138.8664185946179,18054.021488101214,713890.8756513742,569.2093326613501,107123.53471596033,2.7392007012353794,10039.448334913306,400.12041241251285,29.438977205820507,87.93249945659691,6395.276569297701,428.06574650824575,16.88255878200012,0.0,713.2412672623883,0.0,0.0,6.746727836999056,8369.653299459032,19446.279431887888,7377.759918788596,13024.261194992901,11533.814623668744,8693.789111136264,16374.30639016033,367139.33415536373,11306.866175938218,24557.37704918033,7580.955568571668,90414.56582633052,184230.68738029368,0.0,0.0,97238.87307058295,0.0,201277.15795654725,347205.19036075857,434390.65108514193,331171.10266159696,173407.78009571726,602078.1893004116,41419.26939631387,77227.72277227724,111959.84703632888,6797.488226059654,428217.1868319795,52839.781746031746,64411.314984709476,2088.068181818182,107542.37288135594,1819402.985074627,298743.26750448835,2613541.666666667,2638071.0659898478,728828.8288288289,1236286.9198312236,162089.55223880598,1545205.4794520547,0.0
CGTA,15658.669731360436,13320.362076380074,18539.554631314444,33493.7051655095,14019.632181748648,6095.089264573566,11594.26235622324,18358.403443877905,10540.996500173967,16727.47104276669,4662.323441318672,3295.9603520356345,6299.187813680761,102609.2023480663,8725.798011512297,45427.551962472244,12467.760961273167,78512.71328132605,6982.463644140292,334383.621770755,30207.848454797517,31011.08784988757,176061.262680981,61974.99458757307,61233.30894457655,37631.983344073764,42542.05403636958,36561.26159917807,23215.770098563116,30112.741969793664,135.21545319465082,51.469576094177356,4077.2858664232467,9414.126723156698,24411.579751156627,8016.677809969542,334748.39712453855,552317.5119945168,40321.951980043654,335206.96890697523,56805.15759312321,65789.47368421053,23794.827586206895,10775.077614816402,45522.38805970149,62512.72844203869,37545.12635379061,86174.34458949186,62319.43701386888,1470.1005858295566,11052.393700239892,110778.77251644914,37468.60460328571,46015.34463556491,62628.02165591917,1627.484196174028,10898.289877926103,16.166353727610574,5999.896642607363,9.206125141927762,155.71913929784824,19582.78943669043,59502.40114437519,312810.17461682134,177353.47159603247,501.27372832607443,14438.396379315618,857.9384391541028,201.86727226848348,13583.101152014544,54151.64698570541,96.04039184479872,765.8542574743692,35727.33294526185,13.80991064175467,90.1826723432814,155.47143574491096,18648.99369959416,15773.451017324074,29254.942669749445,15736.82429574486,25732.352561620854,17535.27639390233,17738.466762608543,28572.25049223924,1009016.6461159063,312012.79111861956,163344.26229508198,45190.77901430843,277288.5154061624,549904.234943605,47191.55354449472,34299.10764712527,382665.2180428593,208008.20778052622,261362.30182031708,190538.9990018537,401996.3828603228,670851.7110266159,421794.08516382374,644341.5637860083,4524.886877828054,501485.1485148515,100229.44550669217,222182.10361067503,286789.22616502777,151711.30952380953,195852.44648318042,185681.81818181818,88757.06214689265,586716.4179104478,35457.809694793534,1193750.0,520812.18274111673,10210.21021021021,379324.8945147679,232985.07462686568,765068.4931506849,0.0
CTGT,13388.880907915529,13538.53092648339,15080.149033879214,30715.047103223766,13856.254319281272,6291.139839939385,12846.294997836821,19866.621663120794,10645.669659695277,18911.238656608988,5176.280434214177,3774.248642407198,26033.4419871031,1474209.0383287293,27889.287583165133,2294.333408189236,85393.96605154248,6490.8211251687835,30960.222412318224,221570.1028342112,207541.8429094736,299484.3762115221,553267.5071407466,45458.07173269828,349633.02542527893,166187.47831259607,10230.64969055863,331013.2259169263,15161.076899587764,30778.557753669436,83569.09361069837,1445.3375147376548,13041.446610593119,13121.284937397244,18785.653326146523,14.857737166629523,1056202.642315912,200419.8080877313,45301.29404427814,190462.26235137024,340.25787965616047,224454.08734602464,3458.620689655172,18691.788887699393,303898.1562774363,490.37997749075515,32070.305329498868,479938.50469306286,101448.61928474423,1131.5905825135403,43507.28366303932,2668.5362959767017,8669.246922221766,23573.815121890857,111277.97510258974,24925.83564020989,99403.22449090563,96.60857167343187,2714.8541799452205,4311.0968878913145,14611.308849700694,158891.45496535796,736037.6008991519,40363.4638759598,76650.13525698827,16535.18503300737,38368.0927188771,4929.383137245064,939.9444865001262,25624.91354950896,48949.65817277813,1525.670224734517,332.02365604600243,94.34151628896606,6897.644191714053,115.00038449976581,0.0,4270.678720820402,10217.591274447534,21863.351106497426,8899.416293037813,17154.901707747234,13445.3029444229,11424.090034442055,22274.14529368144,2157768.187422935,3183667.1895740316,1706727.8688524591,163505.14601288596,960728.2913165266,1899329.6446052352,44307.692307692305,44843.555856771716,716888.9554922823,776242.410613897,301512.0375807399,75966.06302580921,114162.49304396217,445163.49809885933,24285.188366670754,2446028.8065843624,22.07261891623441,97524.75247524753,334378.58508604206,25259.026687598114,394698.5891406584,746230.1587301587,95317.27828746177,51534.09090909091,52175.141242937854,965970.1492537314,116606.8222621185,1571354.1666666667,427284.26395939087,344894.8948948949,251476.79324894515,114477.61194029852,982876.712328767,0.0
CTTC,3111.211443347631,3595.590471895027,4257.430032059614,7357.8980726570835,4016.344495809878,1477.6404476645987,3132.1328937357343,12977.482549598428,1882.216381057082,3541.145901575185,1366.1211826179924,877.645284277633,9027.788032540513,591164.5372928177,151.37923301188607,117.27424707438182,18955.55511126217,72.804540971602,325.06415739948676,65237.02031602709,6688.793993240372,7213.886950453594,855003.4472569684,5278.018330085877,155234.81799890252,147965.10186883458,229.01387715041304,28781.454361617118,21540.53641406687,47651.56349712828,53359.583952451714,54279.45585885367,214795.3750190172,20962.438345769573,2.245878812379284,98167.85528564,1064396.7359626966,1816085.5037697053,4022.4508886810104,375941.0567813314,2572.8271251193887,241811.31019036955,21222.413793103446,786.8536559254899,104231.78226514485,0.0,0.0,32.36595101952746,171970.03991933825,95.33547032165359,0.0,190483.2272678244,0.0,2.0624510167883514,230113.10734852924,2591.4142874850227,280460.02011908323,16.166353727610574,103611.47956107561,42.96191732899622,46312.6247101332,46992.6699467818,1284045.161949525,100997.59864812784,476573.4896302975,1599.6932095214615,220450.4449405217,213.2303138248501,1386075.3637816468,433563.53864089947,13565.361508183138,6176.083198419449,64811.63157140811,455.64945101266585,52978.87896019496,47.53815286312508,182948.35644482213,136306.21840714946,4367.156529928382,6979.899023262398,3348.9129515269433,5470.598356777218,4011.664329823096,2801.448830102033,7997.928759557112,3664041.30702836,827573.3075902015,502904.9180327869,91515.35436365158,365983.19327731093,660193.6582251543,188862.74509803922,1510.7873037388456,1953364.3039112843,292458.3989206207,184490.6048150323,262319.97718522744,183945.4646633278,1397193.9163498098,297975.211682415,1000401.2345679014,53.80200860832138,639603.9603960396,1144053.5372848948,226985.87127158555,7943544.24967935,849231.1507936508,1577121.5596330273,83693.18181818182,830819.2090395481,10172835.820895523,2472441.6517055654,26533854.166666668,20722335.025380712,9400000.0,18780801.687763713,4981791.044776119,27678767.12328767,1047.590541753966
GAAG,985.08014037392,1139.6175751790977,1451.3473702452127,2800.2650456627584,1747.5057199025773,469.7636974949093,747.4153749757575,1398.9370678898779,891.9147293847966,1396.0049482964282,309.75256679001615,171.65853964231948,121.0204739561346,40995.12258287293,0.0,0.0,5.997960693364256,576.5103767634995,81.26603934987169,40537.9984951091,17.202647183825466,19.38435295029852,27661.774844873435,0.0,2487.653191878544,16769.94001883706,0.0,8760.742999722763,11.026854632127165,53.18017443097214,11.887072808320951,62.54151978885505,420.5516072243594,0.0,1017.3831020078158,5312.569645642969,49519.13736156984,13922.206991089788,40869.58216401621,38945.76206523812,662.6074498567335,4409.294512877939,7777.586206896552,16.058237876030404,8.779631255487269,8652.66091430409,29.064431254971545,5.394325169921243,0.0,6.908367414612578,13.906755206341481,2772.6243123719123,12.352287231852433,72.1857855875923,12591.813510810716,287.9808288228732,15184.470242788397,143.54943008733727,99.91214621625812,1313.4071869150273,2070.1882111848136,120.49402550456873,21303.770307550833,7533.129761940056,36244.36429215509,141.06883611362204,437.2954955505948,37.628878910267666,916.8138615526958,1282.4312842096942,179370.20923969342,144.7465905660895,128.9213579716373,347.25707059555594,57.676685621445976,111.85447732500018,57.939665494997875,44.11322047268614,2172.0799842309293,3278.5982793060602,1376.7870738516199,2358.368821783456,2074.0729691834968,1716.4432514593407,3248.778990973483,484972.2564734895,35941.83661156028,187140.9836065574,734.2481800686136,61764.70588235294,80687.38029367951,0.0,0.0,79660.57245616664,69934.78749718913,125594.53904873751,2694.9950092685012,11254.869226488592,188669.20152091255,171211.1915572463,105493.82716049383,11.036309458117206,2970.2970297029706,133652.00764818356,47.09576138147567,13659.683625480975,15612.599206349205,4912.079510703364,0.0,3629.943502824859,712388.0597014925,9335.727109515261,692187.5,1035532.9949238579,17117.11711711712,359704.641350211,77611.94029850747,839726.0273972602,0.0
GCAT,13838.323721961131,16407.241527601505,22329.954076769776,38957.391028780505,19433.578679692167,9982.320721062018,14563.037997344512,31844.5275042675,9116.213521550098,20868.09590982802,8526.49806120813,6282.2285571306065,38540.396631577074,1426.536602209945,1445.5782312925169,746.0638271327695,2915.0088969750286,306.2446825171747,1828.485885372113,1517.4316528718334,219.58673169941918,2111.9252539350236,302.8661479365704,619.7228837410695,366.9745747210536,94076.24051950627,689.7679871316011,649.8801350315563,2528.5425891054674,895.5541374175708,713.224368499257,328.26816846111956,478.1465301775662,92672.63184520046,25175.178547365584,201162.61793328877,2775456.57664659,474897.1898560658,673335.6719675709,1828722.8969288485,37153.772683858646,332894.7368421053,311818.96551724133,165688.8984048817,427146.6198419666,263489.468889008,773872.6060086887,96806.55949940662,227036.09202024774,69108.54426881838,75642.3182560929,365995.57760759356,402727.7967637008,136761.12692323557,270523.1214869478,18.179564516795438,4.078192545064028,27.4633238023264,241.1672494875196,2.8495149248824028,128.7547861726797,22.592629782106634,0.0,0.0,0.0,31.500808064206865,0.0,0.0,65.18630667003112,43.472246922362515,4628.133416200539,545.3722251186784,0.0,18.06539673618499,0.0,10.835902490859393,0.0,0.0,32039.685494645084,32974.33114707687,22022.24854073259,40485.869144405726,23310.014617702334,18267.22506993516,56057.7390237042,1140.5672009864365,24.134186074574636,19.672131147540984,56.48062923604719,5.602240896358543,74.48393275164929,12.066365007541478,0.0,104.90034467256106,0.0,6028890.19377569,3973085.697989448,2804410.1279910966,5219680.608365019,2720487.176340655,4140658.436213992,178639.22304381416,0.0,0.0,0.0,0.0,161.21031746031744,0.0,454.54545454545456,70.62146892655367,0.0,25583.482944344705,0.0,0.0,0.0,0.0,47164.17910447761,684.931506849315,0.0
GCTA,8255.176801362695,7856.700825475408,10830.517286197037,20646.19284952897,9468.535503653358,3110.60598885574,7661.380555265475,9448.946336038158,5943.418017233062,10696.94747284648,2112.4259368674993,1763.6931975908526,1022.7611636723104,15340.124309392266,99.9850489646408,6987.798487910773,224.9235260011596,806.7759016969384,49.18733960650129,1683.5966892400302,0.0,2330.968442273397,25199.448438885058,5962.690337013784,0.0,577.5045853368364,0.0,36107.89477975832,760.0047500296877,106.36034886194427,0.0,3.8901423792110794,550.9552063636957,7309.9785000632355,0.0,1.8572171458286904,87346.99825140859,3624.057573680603,10132.132834424696,43980.09792077319,984.9570200573065,83.98656215005599,5367.241379310344,1423.8304250080291,2256.3652326602282,0.0,71868.68995900385,0.0,0.0,0.0,0.0,18593.46348829684,2416.9308683657923,2200.6352349131707,5643.298044760164,1543.6102962442674,8102.009189527203,0.0,17212.4511205664,0.0,0.0,61331.45898182548,132435.88433636457,21300.880495686462,225387.7366997295,2117.4021420549484,46696.58420231797,7416.652033213757,0.0,1270.5752168672318,2106.8986948415168,64.48426309579342,3499.294002087298,0.0,7352.558895207148,0.0,0.0,2.594895321922714,4170.043145929608,10525.881187184448,3973.860079519499,6763.238267303308,4434.533575967304,4728.910305127501,8258.75163014294,51911.22071516646,6081.814890792808,27849.180327868853,31058.070454355286,6302.521008403361,20589.487124920197,841.6289592760181,3631.5373319778605,47201.40866177132,40797.16662918822,64342.337052260715,30849.85027805504,140644.12910406233,306973.38403041824,49650.2638360535,189115.22633744858,0.0,116336.63366336634,660334.6080305928,32872.841444270016,468212.91150064126,201178.07539682538,641762.2324159021,380994.3181818182,449943.50282485876,405820.8955223881,29892.280071813286,707291.6666666667,1999746.192893401,208258.25825825825,881645.5696202532,155373.13432835822,1102739.7260273972,59.86231667165519
GGAA,14318.550290393416,18122.174556057857,24965.77419634347,41154.101005444965,19314.48393395106,9678.45811431548,16119.03447658546,32969.43171034685,11242.569813781185,22617.61137495597,6129.655108896337,4803.285315487156,29846.315357953426,30655.42990331492,7680.159976078343,15520.123761758616,5147.249935022092,8815.063767465683,11580.410607356716,106210.81013293203,1448.058124709073,9185.275645498954,500800.2560819462,45886.55553150033,41799.66160599964,79856.73920586923,1247.3077237656423,23297.835907304427,3073.947783602219,584.9819187406936,7288.261515601784,1654.5074780506197,289.0613114255287,125871.06361451879,8935.228855050982,61110.801574920144,912517.0001942879,210396.6758053461,106107.73308387901,916420.8049850574,109706.30372492837,167287.2340425532,162565.5172413793,2467.6158869500055,356913.9596136962,59139.02138378262,113837.72869118277,138439.96116085877,220659.28639038643,0.0,187520.42554670933,73005.60888793011,39864.94832626508,416250.05156127544,166929.89413428048,61323.389662438545,210238.98208314076,151.72999462420046,81799.62446814009,167.68299365654138,2823.1677722051445,931571.944974395,1670164.5039337897,191106.10417716642,536487.826871055,226599.00840934613,93455.09311641846,106016.8577377518,38123.475481537556,297886.65599620604,214804.2262274705,1027.6321927393465,2605.0299793316553,210.7629619221582,7658.813972380179,397.78248498703186,251.07188381165747,387.1583820308689,22155.54436146214,28848.755092090156,18074.824464935282,31785.82182647223,20984.606664478983,17414.258687321122,42080.06239292198,4398319.975339088,145854.95354169182,372944.262295082,2725.7133294285,62504.20168067227,643509.2572887848,165.91251885369533,43855.19033096125,961044.5077176682,73206.6561727007,1153956.2536699942,973078.5683730216,705606.5664997218,766425.855513308,564468.0328874708,585308.6419753087,20664.109921642204,334158.41584158415,576988.5277246654,401381.4756671899,1639482.6849080804,572457.8373015872,438971.7125382263,198323.86363636365,331031.0734463277,1261194.0298507463,169928.1867145422,4816666.666666667,3218020.3045685277,804354.3543543543,2364978.9029535865,777761.1940298508,4777397.2602739725,74.827895839569
GGTT,11322.264863422743,11046.895813885189,16142.015423273546,30199.36043329204,15479.297642930469,5327.61913781945,10452.626396741807,14993.512296204486,6826.268869676069,14453.177510775477,2887.006746840674,2795.798555975404,8221.74799827748,39378.66885359116,202.77341705913133,14283.75377398508,16766.299458184218,52.9102768688968,282.29255774165955,192378.35465262103,498.8767683309385,8264.518880359774,354850.78301979706,135.31067330591037,102196.13133345528,20579.48743369851,124.04918345647373,47738.05835059281,394.4221079953178,72401.6166773027,236.2555720653789,117.00351309781016,271.1308165438699,109705.00822056406,0.0,1975.1504345888122,580964.6395958811,123851.95339273475,141670.564390396,262103.38907611114,7240.926456542502,120058.79059350504,29658.62068965517,43496.41366020769,84521.51009657593,31613.43051610483,56718.47274062289,18993.418923292695,5310.918144779621,9970.155852768874,28409.762542154855,25194.15381296516,23263.474286655415,151431.34100565113,74762.92285940894,944.5110110316903,14746.744242951525,174.90826081197946,24853.146371294206,77.81367679486561,34.37955023458987,8974.294607892358,187095.12618780014,11427.173816370698,7055.90622182146,0.0,827.1918289960552,0.0,6487.088905711162,136321.0623036339,9741.039983426559,452.76184726833685,63.94908629545501,404.46416026014174,0.0,57.67496487070322,0.0,0.0,13868.021638669265,21604.224665376933,12543.355046104389,20178.947821224243,12504.101906267713,12521.223097197744,26088.04050425755,1611513.5635018495,862091.227223362,1255127.8688524591,1058.4888293866622,406717.08683473384,613077.2504788253,22935.143288084466,1081.5542753868745,1135875.917878016,146834.94490667866,275924.8385202584,697198.0607443319,660065.386755704,788745.247148289,592858.0193888821,947983.5390946503,7708.862156494868,9405.940594059406,51434.034416826005,9827.315541601256,85549.38007695596,9747.02380952381,29128.440366972474,5014.204545454546,24604.5197740113,268507.46268656716,27109.51526032316,933854.1666666667,831979.695431472,341891.8918918919,231856.5400843882,110000.0,938356.1643835616,0.0
GTAC,6621.585568575943,6038.4522598307085,7805.216185772463,18246.37722912045,8217.537456136231,3245.8840428722515,6222.121108143993,9462.226070886118,4047.1672460725636,7432.143847725876,3691.2412269649685,2049.5501988710744,9575.235285400906,56596.38294198895,258.83979965612616,510.2677346108741,89.96941040046384,53364.881967754365,3579.9828913601373,34098.31953850012,13332.051567464736,1285.1826006047918,319765.09406086867,43017.969257415025,5385.72343149808,33321.76671789025,128.13871697701683,10.600303331756878,481.78872546524843,8.508827908955542,135.21545319465082,84.68540717821043,128.77355415009455,36690.590615909954,7431.612990163051,591.5236609464379,110127.2585972411,29283.755997258395,6774.243841596507,196092.70680994468,5450.095510983763,1427.7715565509518,147627.58620689655,0.0,111575.94381035995,2305.8577630098075,226304.8399926574,127268.31373395187,22.634676324128566,11.053387863380125,370.26735736884194,32524.538884694208,33443.817680240456,2782.246421647486,0.0,471.8423335950089,41411.32650009516,337.3508994725484,11134.175121875593,316.7345435734671,4468.667421668554,5695.852997288884,218667.62031265965,1222.9106756396193,228755.6357078449,1428.4931656942504,4189.474328002202,138756.490981612,593277.3992766422,1081.8661449997035,124605.34493474208,209.23085366188295,98.2257965498189,99.35968204901745,371.2428919577579,180.01579944492215,198.9261848661594,69.54319462752873,4832.563131036597,7633.023482596454,2233.313594450554,6104.013421086592,4604.576235792489,2773.1513671717094,8628.250696806199,771809.4944512948,6480.028961023289,150.81967213114754,1102.4182076813656,3557.422969187675,341444.988295382,0.0,0.0,274572.90573954745,2940.1843939734654,411619.20140927774,480971.0537573078,370318.58653311076,168897.33840304182,84145.29390109215,155534.97942386832,0.0,41089.10891089109,19082.21797323136,973.3124018838305,48289.867464728515,9660.218253968254,8027.522935779816,3579.5454545454545,8559.322033898306,2072238.8059701493,100538.59964093358,2861458.3333333335,4360786.802030457,937537.5375375375,2236075.9493670887,245522.3880597015,2912328.7671232875,74.827895839569
GTGA,35188.909639419624,30679.470101427534,39219.305086214365,71526.31730575323,32899.00094604841,16450.569051790815,28909.01224806433,48992.81511012497,20840.776920445474,36200.32773104954,11328.0384563178,8793.621856870206,25902.8460691025,687276.6315607735,36774.874785078864,16798.91209421863,23488.014075214425,22214.697205067536,12414.456800684347,305524.2036619012,37517.96158750076,88836.55113592309,1096619.225844578,42765.38933391066,208932.00109749407,336343.1319089873,162599.85277679324,131691.64533015867,89725.51614161873,143360.98702403746,31173.848439821693,3007.67854257312,63107.19175849253,40377.19742000759,20435.251313839108,10395.772973776095,1227695.7450942295,145579.16381082934,146273.776114749,1216423.9842309405,168385.86437440306,81005.039193729,315267.2413793103,74387.11058773151,268064.09130816505,164957.9291494721,421441.9017316282,443057.50350631133,295016.2558129964,41812.20294020117,73577.1651079512,166783.51849854385,126347.42866554124,121715.54675576456,112476.29228594089,1809.6930132628188,208259.6993012697,2924.162271236356,585.6918916125476,3076.599345049954,19083.346815509896,23097.198513907017,362945.7443547563,85325.07189232457,161289.44995491434,7098.638617251486,76545.05978410447,53.93472643805032,723.3577256287324,12999.189835398265,103807.74808369589,282.6331531432648,23516.381197945444,184.668499969891,8006.498781478473,326.12571045070365,47.3173934875816,142.20026364136473,26076.45809150441,43144.355840765034,21716.648337704086,40977.33040822472,27467.855970883924,23070.517277622366,48250.313243153396,2005332.9223181258,213563.41257391096,324236.0655737705,13975.817923186345,285619.0476190476,490646.9461587572,73411.76470588235,10375.01411950751,730806.9833658024,60344.05217000225,395603.34703464474,341665.4783972622,375479.9666110184,442311.78707224334,441182.9672352436,1360504.1152263375,6028.584041496523,53465.346534653465,110927.34225621415,26153.846153846152,151047.45617785378,53906.25,149311.9266055046,32883.52272727273,121581.92090395482,1446268.656716418,152244.16517055655,7999479.166666667,2799619.2893401016,767417.4174174174,2315611.8143459917,633582.0895522388,6845890.410958904,134.6902125112242
GTTG,35717.36408972438,42150.641395441526,53494.931115154664,83629.10892800553,53139.06911520991,30540.95436536124,42372.93192701884,44633.603815710485,35805.38394290342,51327.68510593404,51394.47292425848,49471.717137938555,58721.94529423918,231010.44544198897,34093.03281752261,32114.429722783643,16116.520383069756,82198.44316801341,24734.816082121473,33988.58791070981,17146.991560583676,41718.03520198496,333748.6457204767,155888.72050227324,273693.2961404793,79422.9911267536,32063.305978898006,32162.95112444756,17288.41162400122,33114.23101467773,67471.02526002972,16013.920724883146,103578.49209971528,93697.04059693942,25085.343394870415,14945.954981056386,972542.2576258014,205024.8457847841,147918.61552853134,552037.8966109238,1121949.6179560649,45926.651735722284,421943.1034482758,17380.366127823574,22730.46532045654,285035.37167050753,122272.53258275714,340878.19613766315,35478.826289147706,13040.234331822703,361838.1253693982,722094.7039154352,179003.1704203895,982452.6667491648,16141.93592882513,2246875.1807627156,4244286.452244366,348150.8028639767,7085664.329641177,1257914.418107133,101236.9896996171,9475926.297821065,16169234.69909063,6502377.634816638,14143507.664562669,5206927.438573424,3594143.909972172,5596416.476431779,9697083.438472537,7605914.201592665,9536266.832401078,851688.2528880718,492666.83037632756,2274146.4100042153,899697.806661251,984250.5400473984,3366180.6172505696,1031546.6614076789,27622.15554436146,67916.68632724641,30383.42779798663,56842.818428184284,37576.44461680738,28093.721197225233,76100.8259390902,9933076.448828608,1249770.7252322915,102347.54098360657,118226.50824198812,780873.9495798319,2493956.160885295,717638.0090497738,639046.0860725178,3360756.0317698186,1737533.7306049024,5829616.852613036,2194388.991872237,2438223.427935448,4265718.631178707,3769106.6388513925,3527973.251028807,7970.9745061251515,10955445.544554455,12593948.374760995,14231020.408163264,18991064.557503205,22062946.42857143,15623509.174311925,3777684.659090909,6753926.5536723165,346418507.4626866,18423159.784560144,1025951041.6666667,587776776.6497462,353603453.4534535,501302320.6751055,111771044.77611941,884057534.2465754,46812.33163723436
TCCA,3348.246352125105,3875.1193110899,3314.704098431678,6438.881046354182,2776.7527056313365,1654.2753863396,2430.218853963092,3614.1628372153505,1765.1169386317054,2442.5832557680496,1114.1633597232058,692.4665771497696,3881.889785372964,6510.056975138122,55.13194288704493,390.49829079022885,311.8939560549413,34.92078273347189,194.6107784431138,7314.39678956609,0.0,2745.793595409785,47926.72116615778,0.0,7499.542710810317,8033.0144252218315,114.50693857520652,286.2081899574357,5982.49274772253,97.85152095298874,43.09063893016345,64.93545356067725,47.27130468800939,1.5808777033008727,29511.970534069984,104.00416016640666,177185.7392655916,55624.571624400276,27882.366697848454,245933.74451580085,1355.062082139446,601.9036954087346,12265.51724137931,18889.840488170434,34407.37489025461,32883.595047966126,0.0,0.0,1273.7149676941438,0.0,14245.732364496054,1044.1160608348614,0.0,0.0,22.414566019517913,1645.6637606908234,31358.581876512333,0.0,45.64951508156621,0.0,6.066979453162919,5723.466211467015,93046.89894758353,10253.179567756664,3250.6762849413885,0.0,2085.5631326259136,0.0,6.308352258390109,1.9760112237437508,1470.8928941371453,125.53851219712976,0.0,12253.357152893475,5370.430544272948,0.0,0.0,1.0379581287690856,2078.998664009286,4216.014721842118,1072.2443109719989,3106.8524970963995,2364.189612481728,1311.3852820852806,3517.2731224588947,103190.5055487053,862.7971521660432,3390.1639344262294,1970.5463977909799,4890.756302521008,14737.178123004895,0.0,866.9377612108889,30271.242319796194,3159.4333258376437,95970.34644744569,27805.504063881363,1057.31775180857,16045.627376425857,36986.13326788563,90864.1975308642,0.0,33663.36633663366,223623.32695984704,36687.598116169545,371312.52672082087,160937.5,404243.119266055,15951.704545454546,489745.76271186443,395671.6417910448,29353.680430879715,1186458.3333333335,754822.3350253807,5105.105105105105,337974.6835443038,59402.98507462687,460273.9726027397,0.0
TGAC,4729.410798941039,4069.16372103756,6646.737717702105,11983.232980899427,5911.796082957039,3198.370980726429,4768.6891139920335,7520.618171657173,3815.015043111892,5670.20659307749,1825.6343044569683,2000.1292759096602,3628.922114407372,72510.57493093923,240163.15317335725,235.79609252189536,38405.94197972689,584.1294566326206,307.9555175363559,1323.0499122146978,62.73906619983405,21788.012716135538,141830.00098493055,348688.3885400881,108374.10828608013,17327.61612055718,1344.0933504184954,254979.69634207996,502.99421514241607,25424.37779195916,194.6508172362556,43.98853305723298,5621.481819564887,58283.79916529658,13.475272874275705,14900.453160983583,926573.7322712259,324558.77313228237,202613.42376052384,371935.206968907,217472.54059216808,83496.640537514,20863.793103448275,20067.44459907933,28977.17295873573,0.0,207181.97393379427,198656.8130326896,39736.20313593152,8037.194650160273,41603.79654417133,88960.73778448928,12409.93123893441,64709.400651734526,164467.74026690575,80.98169648390696,884.9677822788941,20.061860649926377,312.6561127284629,13.151607345611088,22.919700156393247,602552.967165378,5384.693981812608,25230.500133408437,247.97114517583407,14502.698112690716,6052.567199779824,62.71479818377944,60.98073849777105,27757.029659928467,1472.9645742697328,331.3393518645556,41.95060060981849,1186.2943856761476,145.41023558082858,46.4895171382032,0.0,139.605368319442,3833.8553187761445,6097.925415624656,2441.6293037814057,5121.090893448617,4626.2044688404285,3314.0371586113224,7490.346996701358,183908.7546239211,3535.658259925184,6209.836065573771,73173.79298803447,41837.535014005596,98403.91572675038,0.0,9965.54840167175,28281.882211898697,64987.63211153587,246278.62595419848,72950.23527734207,160649.69393433502,306882.12927756656,157319.91655417843,1335689.3004115226,9567.100761505353,10396.039603960397,55554.49330783939,1491.3657770800628,47156.904660111155,5257.936507936508,9728.593272171252,681.8181818181819,6624.293785310735,36417.9104477612,46499.102333931776,91666.66666666667,43147.20812182741,21171.171171171172,15611.814345991561,64029.85074626866,197260.27397260274,0.0
TTCC,12084.675847066308,12324.442253432488,19243.566415388614,29444.556480654548,19622.45288209285,6872.819687139903,13839.119213498232,17811.58269539885,11012.610484274173,18266.666893548667,8254.355222825143,5968.309030198566,18984.791621236436,140740.460980663,2995.813710099424,17723.382488709234,1604.4544854749386,54532.71759880465,39615.055603079556,90650.86531226487,3828.0949586124552,20262.46413894704,474337.63419678906,87874.3595294797,29489.43661971831,100257.77028701731,12764.797295455164,80100.78442244655,8820.635486114645,40229.738353541805,4156.017830609213,1066.1982536253136,23864.94533915803,18281.269760971292,3369.941157975116,10682.713022806627,744453.0794637653,93043.18026045237,112969.67570938572,581089.84548865,29136.81948424069,137472.00447928332,174215.5172413793,1573.7073118509797,170807.72607550482,11061.686049627526,69581.77813131004,124150.3937857374,5529.034116630314,3984.7463247485352,13922.400305948615,78252.61568331356,54720.63243710627,77354.28783566391,108098.55512259043,2795.1080444572985,30617.7102308257,1935.8721650448374,27580.920225319118,25147.188405542962,2477.3499433748584,189893.5636108043,153693.67528353937,32370.816163173342,45973.85031559964,33801.73665324458,12019.510106724565,9897.649449364071,40489.107578433846,87721.06625565633,41675.989227263315,1881.7056773591635,1415.0653815458284,2592.384431642546,1194.9634443541836,7818.627965017513,9974.313414963884,27637.192115670056,15883.505990056723,25208.402145362463,13266.64410794349,24573.06319094937,17553.921422391933,14088.094044596803,32895.645280896,1458569.667077682,138113.913358272,140872.131147541,146521.2116140909,238084.03361344535,321866.3545435199,37960.78431372549,4072.065966339094,605256.2565562716,23274.11738250506,311494.4216089254,340367.8882076144,426919.8664440735,609832.6996197719,240293.28751994108,687973.2510288067,14570.687562079242,38118.81188118812,139101.33843212237,64427.00156985871,569987.1740059855,72569.44444444444,383868.501529052,77911.93181818182,136115.81920903956,172238.80597014926,45421.903052064634,486458.3333333334,162944.1624365482,420420.4204204204,3488396.624472574,66716.41791044777,364383.5616438356,0.0
TTGG,15272.846676380652,17986.8679134457,25236.547959448922,42717.00613638328,23073.852161485767,9205.221701314897,17164.073339201266,31897.09312137401,11179.999824570123,24224.786745099773,8678.001715402672,6526.047082644123,33449.86529563028,1785.8684392265195,1777.3043283247364,1077.9249943858074,2588.1200391866764,1023.9196779668908,2110.7784431137725,2031.602708803612,930.9667887717311,4536.907808017369,972.6189303654091,653.0995164898608,848.2714468629962,79427.94824765777,1457.237111153521,993.1668813907598,2537.0247849763346,2631.3550308445015,1438.3358098068352,825.0094261142266,1274.6951815870118,5223.219931706083,33816.19727799488,5124.062105341357,1325208.859529823,564239.2049348869,208606.17399438727,875052.4575570674,288073.06590257876,104423.29227323628,243517.24137931032,12375.548656460765,354995.6101843722,131206.1203708666,114787.67668114789,158754.98975078217,181857.27807728713,3477.672156515972,69405.13854604875,115152.08715348938,195787.87005393833,95538.9184506868,134454.63636677127,558.6084369706235,2181.8330116092548,1098.3381767469402,2136.0527811751735,876.9930164964994,623.5506660195222,1583.9943769454765,21911.719628078063,1179.9235124959237,495.94229035166813,1476.4291779658695,14592.825907464605,599.5534706369315,1356.2957355538733,906.9891516983816,4580.484773151026,1249.2110967812748,774.5513332105511,1089.9456030831611,726.2388302193339,908.1185377823452,927.034647919966,1135.5261928733796,22191.134278017475,37884.75754573051,17128.415531680905,32641.84625973244,20879.44870379762,17758.679236130203,44196.05185772368,80147.96547472257,0.0,59.016393442622956,16.735001255125095,44.817927170868344,3947.6484358374123,0.0,0.0,8219.691293271393,2.8108837418484374,4204499.41280094,415014.9721944959,804208.4028937118,1521330.7984790874,1881973.2482513192,1382438.2716049384,174299.19434940955,1485.1485148514853,36644.35946462715,0.0,2800.342026507054,8630.95238095238,4204.892966360856,113.63636363636364,27966.101694915254,7164.179104477613,7719.928186714542,42708.333333333336,12436.548223350253,0.0,0.0,22686.567164179105,0.0,0.0
